tran_dt,CIF,src_of_tran,cury_cd,tran_id,Amount,Merchant
2016-01-15 00:00:00.000,12,EDC,PKR,1.00001E+17,973.72,Andaaz Restaurant
2016-01-17 00:00:00.000,237,EDC,PKR,1.00001E+17,835.42,Andaaz Restaurant
2016-01-29 00:00:00.000,384,EDC,PKR,1.00001E+17,5968.64,Cafe aylanto
2016-01-11 00:00:00.000,36,EDC,PKR,1.00001E+17,4315.58,Cafe aylanto
2016-01-08 00:00:00.000,135,EDC,PKR,1.00001E+17,4612.28,Saly'n Pepper
2016-01-25 00:00:00.000,18,EDC,PKR,1.00001E+17,740.51,Cuckoo's Den
2016-01-01 00:00:00.000,136,EDC,PKR,1.00001E+17,8096.48,Cafe aylanto
2016-01-11 00:00:00.000,60,EDC,PKR,1.00001E+17,603.24,The Hotel
2016-01-25 00:00:00.000,286,EDC,PKR,1.00001E+17,9473.93,Andaaz Restaurant
2016-01-06 00:00:00.000,364,EDC,PKR,1.00001E+17,1128.68,Saly'n Pepper
2016-01-04 00:00:00.000,287,EDC,PKR,1.00001E+17,2244.14,Cafe aylanto
2016-01-22 00:00:00.000,475,EDC,PKR,1.00001E+17,770.46,Cafe aylanto
2016-01-26 00:00:00.000,494,EDC,PKR,1.00001E+17,4056.00,Cafe aylanto
2016-01-06 00:00:00.000,71,EDC,PKR,1.00001E+17,21178.26,Cafe aylanto
2016-01-30 00:00:00.000,343,EDC,PKR,1.00001E+17,5139.13,Cafe aylanto
2016-01-25 00:00:00.000,87,EDC,PKR,1.00001E+17,9703.86,Cafe aylanto
2016-01-23 00:00:00.000,224,EDC,PKR,1.00001E+17,39018.98,Cafe aylanto
2016-01-17 00:00:00.000,400,EDC,PKR,1.00001E+17,1361.70,Cafe aylanto
2016-01-17 00:00:00.000,78,EDC,PKR,1.00001E+17,8887.00,Cafe aylanto
2016-01-28 00:00:00.000,71,EDC,PKR,1.00001E+17,2655.37,Cafe aylanto
2016-01-25 00:00:00.000,30,EDC,PKR,1.00001E+17,5357.95,Cafe aylanto
2016-01-08 00:00:00.000,123,EDC,PKR,1.00001E+17,17903.32,Cafe aylanto
2016-01-02 00:00:00.000,26,EDC,PKR,1.00001E+17,2628.34,Cafe aylanto
2016-01-25 00:00:00.000,497,EDC,PKR,1.00001E+17,15834.76,Cafe aylanto
2016-01-15 00:00:00.000,399,EDC,PKR,1.00001E+17,12144.05,Cafe aylanto
2016-01-15 00:00:00.000,54,EDC,PKR,1.00001E+17,12793.64,Cafe aylanto
2016-01-14 00:00:00.000,317,EDC,PKR,1.00001E+17,4659.50,Cafe aylanto
2016-01-19 00:00:00.000,463,EDC,PKR,1.00001E+17,12059.48,Cafe aylanto
2016-01-04 00:00:00.000,404,EDC,PKR,1.00001E+17,8249.65,Cafe aylanto
2016-01-09 00:00:00.000,162,EDC,PKR,1.00001E+17,259.92,Cafe aylanto
2016-01-28 00:00:00.000,172,EDC,PKR,1.00001E+17,11882.99,Cafe aylanto
2016-01-17 00:00:00.000,447,EDC,PKR,1.00001E+17,8370.86,Cafe aylanto
2016-01-11 00:00:00.000,345,EDC,PKR,1.00001E+17,566.53,Cafe aylanto
2016-01-06 00:00:00.000,150,EDC,PKR,1.00001E+17,6512.61,Cafe aylanto
2016-01-26 00:00:00.000,168,EDC,PKR,1.00001E+17,12518.49,Cafe aylanto
2016-01-29 00:00:00.000,22,EDC,PKR,1.00001E+17,6775.52,Cafe aylanto
2016-01-12 00:00:00.000,486,EDC,PKR,1.00001E+17,4482.86,Cafe aylanto
2016-01-04 00:00:00.000,418,EDC,PKR,1.00001E+17,1799.55,Cafe aylanto
2016-01-25 00:00:00.000,338,EDC,PKR,1.00001E+17,6036.02,Cafe aylanto
2016-01-10 00:00:00.000,169,EDC,PKR,1.00001E+17,4184.40,Cafe aylanto
2016-01-09 00:00:00.000,466,EDC,PKR,1.00001E+17,9630.69,Cafe aylanto
2016-01-11 00:00:00.000,354,EDC,PKR,1.00001E+17,1460.51,Cafe aylanto
2016-01-03 00:00:00.000,170,EDC,PKR,1.00001E+17,1904.60,Cafe aylanto
2016-01-31 00:00:00.000,185,EDC,PKR,1.00001E+17,4440.87,Cafe aylanto
2016-01-15 00:00:00.000,110,EDC,PKR,1.00001E+17,18486.35,Cafe aylanto
2016-01-27 00:00:00.000,155,EDC,PKR,1.00001E+17,9228.30,Cafe aylanto
2016-01-23 00:00:00.000,473,EDC,PKR,1.00001E+17,8878.33,Cafe aylanto
2016-01-04 00:00:00.000,207,EDC,PKR,1.00001E+17,15779.97,Cafe aylanto
2016-01-22 00:00:00.000,242,EDC,PKR,1.00001E+17,7989.39,Cafe aylanto
2016-01-23 00:00:00.000,200,EDC,PKR,1.00001E+17,358.47,Cafe aylanto
2016-01-18 00:00:00.000,376,EDC,PKR,1.00001E+17,5928.70,Cafe aylanto
2016-01-20 00:00:00.000,376,EDC,PKR,1.00001E+17,7903.76,Cafe aylanto
2016-01-24 00:00:00.000,458,EDC,PKR,1.00001E+17,2482.26,Cafe aylanto
2016-01-09 00:00:00.000,389,EDC,PKR,1.00001E+17,2619.11,Cafe aylanto
2016-01-21 00:00:00.000,112,EDC,PKR,1.00001E+17,4015.74,Cafe aylanto
2016-01-18 00:00:00.000,31,EDC,PKR,1.00001E+17,17666.23,Cafe aylanto
2016-01-04 00:00:00.000,13,EDC,PKR,1.00001E+17,9849.23,Cafe aylanto
2016-01-13 00:00:00.000,486,EDC,PKR,1.00001E+17,2267.15,Cafe aylanto
2016-01-15 00:00:00.000,256,EDC,PKR,1.00001E+17,605.89,Cafe aylanto
2016-01-03 00:00:00.000,376,EDC,PKR,1.00001E+17,7197.46,Cafe aylanto
2016-01-04 00:00:00.000,303,EDC,PKR,1.00001E+17,2849.36,Cafe aylanto
2016-01-07 00:00:00.000,6,EDC,PKR,1.00001E+17,9806.05,Cafe aylanto
2016-01-28 00:00:00.000,432,EDC,PKR,1.00001E+17,641.40,Cafe aylanto
2016-01-21 00:00:00.000,291,EDC,PKR,1.00001E+17,5570.96,Cafe aylanto
2016-01-12 00:00:00.000,208,EDC,PKR,1.00001E+17,21848.94,Cafe aylanto
2016-01-12 00:00:00.000,460,EDC,PKR,1.00001E+17,5865.26,Cafe aylanto
2016-01-13 00:00:00.000,299,EDC,PKR,1.00001E+17,7714.80,Cafe aylanto
2016-01-09 00:00:00.000,185,EDC,PKR,1.00001E+17,8122.78,Cafe aylanto
2016-01-20 00:00:00.000,408,EDC,PKR,1.00001E+17,8182.02,Cafe aylanto
2016-01-13 00:00:00.000,98,EDC,PKR,1.00001E+17,3215.63,Cafe aylanto
2016-01-16 00:00:00.000,13,EDC,PKR,1.00001E+17,3484.04,Cafe aylanto
2016-01-21 00:00:00.000,21,EDC,PKR,1.00001E+17,66669.30,Cafe aylanto
2016-01-08 00:00:00.000,239,EDC,PKR,1.00001E+17,7411.59,Cafe aylanto
2016-01-27 00:00:00.000,478,EDC,PKR,1.00001E+17,17767.31,Cafe aylanto
2016-01-04 00:00:00.000,419,EDC,PKR,1.00001E+17,2680.11,Cafe aylanto
2016-01-16 00:00:00.000,362,EDC,PKR,1.00001E+17,4128.44,Cafe aylanto
2016-01-06 00:00:00.000,378,EDC,PKR,1.00001E+17,1671.28,Cafe aylanto
2016-01-22 00:00:00.000,90,EDC,PKR,1.00001E+17,5067.63,Cafe aylanto
2016-01-22 00:00:00.000,265,EDC,PKR,1.00001E+17,4069.04,Cafe aylanto
2016-01-30 00:00:00.000,260,EDC,PKR,1.00001E+17,9641.71,Cafe aylanto
2016-01-24 00:00:00.000,68,EDC,PKR,1.00001E+17,18328.69,Cafe aylanto
2016-01-19 00:00:00.000,19,EDC,PKR,1.00001E+17,28621.16,Cafe aylanto
2016-01-08 00:00:00.000,168,EDC,PKR,1.00001E+17,463.68,Cafe aylanto
2016-01-24 00:00:00.000,79,EDC,PKR,1.00001E+17,2816.22,Cafe aylanto
2016-01-22 00:00:00.000,462,EDC,PKR,1.00001E+17,9400.78,Cafe aylanto
2016-01-20 00:00:00.000,4,EDC,PKR,1.00001E+17,6333.43,Cafe aylanto
2016-01-17 00:00:00.000,500,EDC,PKR,1.00001E+17,9407.74,Cafe aylanto
2016-01-08 00:00:00.000,413,EDC,PKR,1.00001E+17,2599.30,Cafe aylanto
2016-01-12 00:00:00.000,378,EDC,PKR,1.00001E+17,7323.36,Cafe aylanto
2016-01-06 00:00:00.000,434,EDC,PKR,1.00001E+17,3009.51,Cafe aylanto
2016-01-11 00:00:00.000,484,EDC,PKR,1.00001E+17,8566.62,Cafe aylanto
2016-01-11 00:00:00.000,67,EDC,PKR,1.00001E+17,9338.71,Cafe aylanto
2016-01-23 00:00:00.000,62,EDC,PKR,1.00001E+17,1299.57,Cafe aylanto
2016-01-18 00:00:00.000,317,EDC,PKR,1.00001E+17,7198.97,Cafe aylanto
2016-01-05 00:00:00.000,139,EDC,PKR,1.00001E+17,2691.53,Cafe aylanto
2016-01-30 00:00:00.000,428,EDC,PKR,1.00001E+17,5371.93,Cafe aylanto
2016-01-15 00:00:00.000,295,EDC,PKR,1.00001E+17,5846.10,Cafe aylanto
2016-01-29 00:00:00.000,493,EDC,PKR,1.00001E+17,1696.56,Cafe aylanto
2016-01-21 00:00:00.000,496,EDC,PKR,1.00001E+17,14742.21,Cafe aylanto
2016-01-02 00:00:00.000,176,EDC,PKR,1.00001E+17,8833.47,Cafe aylanto
2016-01-18 00:00:00.000,388,EDC,PKR,1.00001E+17,5487.78,Cafe aylanto
2016-01-11 00:00:00.000,356,EDC,PKR,1.00001E+17,3323.07,Cafe aylanto
2016-01-05 00:00:00.000,441,EDC,PKR,1.00001E+17,8355.26,Cafe aylanto
2016-01-26 00:00:00.000,332,EDC,PKR,1.00001E+17,8592.21,Cafe aylanto
2016-01-27 00:00:00.000,104,EDC,PKR,1.00001E+17,19218.14,Cafe aylanto
2016-01-30 00:00:00.000,10,EDC,PKR,1.00001E+17,61282.41,Cafe aylanto
2016-01-26 00:00:00.000,96,EDC,PKR,1.00001E+17,5274.41,Cafe aylanto
2016-01-27 00:00:00.000,319,EDC,PKR,1.00001E+17,5230.99,Cafe aylanto
2016-01-09 00:00:00.000,411,EDC,PKR,1.00001E+17,16651.38,Cafe aylanto
2016-01-25 00:00:00.000,490,EDC,PKR,1.00001E+17,34805.77,Cafe aylanto
2016-01-02 00:00:00.000,493,EDC,PKR,1.00001E+17,3734.21,Cafe aylanto
2016-01-03 00:00:00.000,469,EDC,PKR,1.00001E+17,14461.06,Cafe aylanto
2016-01-03 00:00:00.000,7,EDC,PKR,1.00001E+17,3376.21,Cafe aylanto
2016-01-06 00:00:00.000,402,EDC,PKR,1.00001E+17,7828.70,Cafe aylanto
2016-01-29 00:00:00.000,168,EDC,PKR,1.00001E+17,2586.88,Cafe aylanto
2016-01-01 00:00:00.000,46,EDC,PKR,1.00001E+17,3651.22,Cafe aylanto
2016-01-05 00:00:00.000,99,EDC,PKR,1.00001E+17,2733.18,Cafe aylanto
2016-01-24 00:00:00.000,233,EDC,PKR,1.00001E+17,7155.43,Cafe aylanto
2016-01-04 00:00:00.000,426,EDC,PKR,1.00001E+17,14745.91,Cafe aylanto
2016-01-05 00:00:00.000,254,EDC,PKR,1.00001E+17,12443.02,Cafe aylanto
2016-01-08 00:00:00.000,211,EDC,PKR,1.00001E+17,4734.06,Cafe aylanto
2016-01-29 00:00:00.000,235,EDC,PKR,1.00001E+17,9356.17,Cafe aylanto
2016-01-29 00:00:00.000,185,EDC,PKR,1.00001E+17,9921.95,Cafe aylanto
2016-01-30 00:00:00.000,25,EDC,PKR,1.00001E+17,5351.60,Cafe aylanto
2016-01-13 00:00:00.000,460,EDC,PKR,1.00001E+17,1083.85,Cafe aylanto
2016-01-06 00:00:00.000,271,EDC,PKR,1.00001E+17,527.47,Cafe aylanto
2016-01-22 00:00:00.000,407,EDC,PKR,1.00001E+17,1095.05,Cafe aylanto
2016-01-15 00:00:00.000,210,EDC,PKR,1.00001E+17,3310.76,Cafe aylanto
2016-01-30 00:00:00.000,405,EDC,PKR,1.00001E+17,1660.44,Cafe aylanto
2016-01-28 00:00:00.000,383,EDC,PKR,1.00001E+17,12804.09,Cafe aylanto
2016-01-31 00:00:00.000,63,EDC,PKR,1.00001E+17,684.43,Cafe aylanto
2016-01-22 00:00:00.000,389,EDC,PKR,1.00001E+17,8453.51,Cafe aylanto
2016-01-20 00:00:00.000,270,EDC,PKR,1.00001E+17,186.44,Cafe aylanto
2016-01-29 00:00:00.000,324,EDC,PKR,1.00001E+17,8740.22,Cafe aylanto
2016-01-30 00:00:00.000,126,EDC,PKR,1.00001E+17,4320.65,Cafe aylanto
2016-01-03 00:00:00.000,455,EDC,PKR,1.00001E+17,5231.58,Cafe aylanto
2016-01-25 00:00:00.000,158,EDC,PKR,1.00001E+17,52538.64,Cafe aylanto
2016-01-06 00:00:00.000,401,EDC,PKR,1.00001E+17,5066.06,Cafe aylanto
2016-01-31 00:00:00.000,388,EDC,PKR,1.00001E+17,8485.81,Cafe aylanto
2016-01-07 00:00:00.000,457,EDC,PKR,1.00001E+17,16628.20,Cafe aylanto
2016-01-18 00:00:00.000,246,EDC,PKR,1.00001E+17,1662.91,Cafe aylanto
2016-01-11 00:00:00.000,109,EDC,PKR,1.00001E+17,4725.09,Cafe aylanto
2016-01-04 00:00:00.000,267,EDC,PKR,1.00001E+17,3627.03,Cafe aylanto
2016-01-26 00:00:00.000,335,EDC,PKR,1.00001E+17,8842.37,Cafe aylanto
2016-01-03 00:00:00.000,138,EDC,PKR,1.00001E+17,8034.00,Cafe aylanto
2016-01-06 00:00:00.000,292,EDC,PKR,1.00001E+17,4412.81,Cafe aylanto
2016-01-27 00:00:00.000,50,EDC,PKR,1.00001E+17,13927.36,Cafe aylanto
2016-01-28 00:00:00.000,448,EDC,PKR,1.00001E+17,6496.68,Cafe aylanto
2016-01-14 00:00:00.000,20,EDC,PKR,1.00001E+17,121.50,Cafe aylanto
2016-01-01 00:00:00.000,42,EDC,PKR,1.00001E+17,4530.95,Cafe aylanto
2016-01-01 00:00:00.000,431,EDC,PKR,1.00001E+17,7980.00,Cafe aylanto
2016-01-17 00:00:00.000,432,EDC,PKR,1.00001E+17,5162.50,Cafe aylanto
2016-01-22 00:00:00.000,132,EDC,PKR,1.00001E+17,5731.84,Cafe aylanto
2016-01-04 00:00:00.000,54,EDC,PKR,1.00001E+17,7010.88,Cafe aylanto
2016-01-08 00:00:00.000,82,EDC,PKR,1.00001E+17,9369.31,Cafe aylanto
2016-01-20 00:00:00.000,193,EDC,PKR,1.00001E+17,3576.09,Cafe aylanto
2016-01-28 00:00:00.000,366,EDC,PKR,1.00001E+17,8134.69,Cafe aylanto
2016-01-19 00:00:00.000,473,EDC,PKR,1.00001E+17,1135.22,Cafe aylanto
2016-01-22 00:00:00.000,350,EDC,PKR,1.00001E+17,2056.48,Cafe aylanto
2016-01-06 00:00:00.000,159,EDC,PKR,1.00001E+17,5097.32,Cafe aylanto
2016-01-15 00:00:00.000,195,EDC,PKR,1.00001E+17,485.23,Cafe aylanto
2016-01-21 00:00:00.000,94,EDC,PKR,1.00001E+17,6645.83,Cafe aylanto
2016-01-25 00:00:00.000,182,EDC,PKR,1.00001E+17,794.50,Cafe aylanto
2016-01-30 00:00:00.000,63,EDC,PKR,1.00001E+17,767.63,Cafe aylanto
2016-01-07 00:00:00.000,393,EDC,PKR,1.00001E+17,7109.81,Cafe aylanto
2016-01-12 00:00:00.000,42,EDC,PKR,1.00001E+17,4892.12,Cafe aylanto
2016-01-29 00:00:00.000,182,EDC,PKR,1.00001E+17,17330.84,Cafe aylanto
2016-01-13 00:00:00.000,265,EDC,PKR,1.00001E+17,3963.84,Cafe aylanto
2016-01-20 00:00:00.000,244,EDC,PKR,1.00001E+17,2609.00,Cafe aylanto
2016-01-31 00:00:00.000,448,EDC,PKR,1.00001E+17,8106.65,Cafe aylanto
2016-01-08 00:00:00.000,379,EDC,PKR,1.00001E+17,17733.17,Cafe aylanto
2016-01-26 00:00:00.000,340,EDC,PKR,1.00001E+17,9801.68,Cafe aylanto
2016-01-28 00:00:00.000,163,EDC,PKR,1.00001E+17,3837.39,Cafe aylanto
2016-01-03 00:00:00.000,461,EDC,PKR,1.00001E+17,4897.95,Cafe aylanto
2016-01-28 00:00:00.000,394,EDC,PKR,1.00001E+17,2905.23,Cafe aylanto
2016-01-14 00:00:00.000,405,EDC,PKR,1.00001E+17,3131.06,Cafe aylanto
2016-01-12 00:00:00.000,426,EDC,PKR,1.00001E+17,4863.61,Cafe aylanto
2016-01-03 00:00:00.000,277,EDC,PKR,1.00001E+17,3984.18,Cafe aylanto
2016-01-01 00:00:00.000,358,EDC,PKR,1.00001E+17,4925.44,Cafe aylanto
2016-01-02 00:00:00.000,416,EDC,PKR,1.00001E+17,8694.59,Cafe aylanto
2016-01-22 00:00:00.000,244,EDC,PKR,1.00001E+17,9214.32,Cafe aylanto
2016-01-15 00:00:00.000,369,EDC,PKR,1.00001E+17,6302.25,Cafe aylanto
2016-01-22 00:00:00.000,390,EDC,PKR,1.00001E+17,7630.67,Cafe aylanto
2016-01-30 00:00:00.000,26,EDC,PKR,1.00001E+17,7793.93,Cafe aylanto
2016-01-22 00:00:00.000,346,EDC,PKR,1.00001E+17,4604.17,Cafe aylanto
2016-01-18 00:00:00.000,309,EDC,PKR,1.00001E+17,6300.11,Cafe aylanto
2016-01-15 00:00:00.000,183,EDC,PKR,1.00001E+17,2107.09,Cafe aylanto
2016-01-16 00:00:00.000,191,EDC,PKR,1.00001E+17,8879.11,Cafe aylanto
2016-01-11 00:00:00.000,305,EDC,PKR,1.00001E+17,13094.93,Cafe aylanto
2016-01-01 00:00:00.000,451,EDC,PKR,1.00001E+17,921.59,Cafe aylanto
2016-01-21 00:00:00.000,418,EDC,PKR,1.00001E+17,8969.43,Cafe aylanto
2016-01-01 00:00:00.000,30,EDC,PKR,1.00001E+17,11191.95,Cafe aylanto
2016-01-06 00:00:00.000,441,EDC,PKR,1.00001E+17,3617.41,Cafe aylanto
2016-01-04 00:00:00.000,171,EDC,PKR,1.00001E+17,4741.38,Cafe aylanto
2016-01-01 00:00:00.000,255,EDC,PKR,1.00001E+17,4379.67,Cafe aylanto
2016-01-05 00:00:00.000,32,EDC,PKR,1.00001E+17,8326.72,Cafe aylanto
2016-01-28 00:00:00.000,268,EDC,PKR,1.00001E+17,7623.99,Cafe aylanto
2016-01-13 00:00:00.000,17,EDC,PKR,1.00001E+17,34966.26,Cafe aylanto
2016-01-07 00:00:00.000,213,EDC,PKR,1.00001E+17,9971.25,Cafe aylanto
2016-01-26 00:00:00.000,419,EDC,PKR,1.00001E+17,3283.81,Cafe aylanto
2016-01-11 00:00:00.000,432,EDC,PKR,1.00001E+17,7809.07,Cafe aylanto
2016-01-11 00:00:00.000,415,EDC,PKR,1.00001E+17,5844.91,Cafe aylanto
2016-01-24 00:00:00.000,382,EDC,PKR,1.00001E+17,5951.72,Cafe aylanto
2016-01-05 00:00:00.000,446,EDC,PKR,1.00001E+17,7595.80,Cafe aylanto
2016-01-23 00:00:00.000,401,EDC,PKR,1.00001E+17,6039.08,Cafe aylanto
2016-01-26 00:00:00.000,488,EDC,PKR,1.00001E+17,7402.02,Cafe aylanto
2016-01-07 00:00:00.000,440,EDC,PKR,1.00001E+17,1061.79,Cafe aylanto
2016-01-13 00:00:00.000,438,EDC,PKR,1.00001E+17,981.68,Cafe aylanto
2016-01-23 00:00:00.000,428,EDC,PKR,1.00001E+17,3544.44,Cafe aylanto
2016-01-06 00:00:00.000,477,EDC,PKR,1.00001E+17,4149.59,Cafe aylanto
2016-01-24 00:00:00.000,136,EDC,PKR,1.00001E+17,7916.28,Cafe aylanto
2016-01-01 00:00:00.000,343,EDC,PKR,1.00001E+17,4630.18,Cafe aylanto
2016-01-09 00:00:00.000,81,EDC,PKR,1.00001E+17,3051.99,Cafe aylanto
2016-01-17 00:00:00.000,439,EDC,PKR,1.00001E+17,4536.49,Cafe aylanto
2016-01-11 00:00:00.000,3,EDC,PKR,1.00001E+17,2938.47,Cafe aylanto
2016-01-08 00:00:00.000,495,EDC,PKR,1.00001E+17,779.09,Cafe aylanto
2016-01-30 00:00:00.000,72,EDC,PKR,1.00001E+17,15424.57,Cafe aylanto
2016-01-12 00:00:00.000,94,EDC,PKR,1.00001E+17,7957.63,Cafe aylanto
2016-01-09 00:00:00.000,229,EDC,PKR,1.00001E+17,26691.00,Cafe aylanto
2016-01-15 00:00:00.000,487,EDC,PKR,1.00001E+17,5338.02,Cafe aylanto
2016-01-24 00:00:00.000,458,EDC,PKR,1.00001E+17,3322.83,Cafe aylanto
2016-01-15 00:00:00.000,292,EDC,PKR,1.00001E+17,3811.66,Cafe aylanto
2016-01-01 00:00:00.000,147,EDC,PKR,1.00001E+17,7854.65,Cafe aylanto
2016-01-07 00:00:00.000,495,EDC,PKR,1.00001E+17,1048.59,Cafe aylanto
2016-01-15 00:00:00.000,362,EDC,PKR,1.00001E+17,7089.29,Cafe aylanto
2016-01-21 00:00:00.000,470,EDC,PKR,1.00001E+17,9853.12,Cafe aylanto
2016-01-27 00:00:00.000,87,EDC,PKR,1.00001E+17,7272.94,Cafe aylanto
2016-01-26 00:00:00.000,394,EDC,PKR,1.00001E+17,4577.52,Cafe aylanto
2016-01-21 00:00:00.000,207,EDC,PKR,1.00001E+17,4408.28,Cafe aylanto
2016-01-01 00:00:00.000,324,EDC,PKR,1.00001E+17,3409.12,Cafe aylanto
2016-01-10 00:00:00.000,245,EDC,PKR,1.00001E+17,3085.10,Cafe aylanto
2016-01-24 00:00:00.000,349,EDC,PKR,1.00001E+17,232.84,Cafe aylanto
2016-01-21 00:00:00.000,180,EDC,PKR,1.00001E+17,5099.17,Cafe aylanto
2016-01-28 00:00:00.000,375,EDC,PKR,1.00001E+17,4545.81,Cafe aylanto
2016-01-05 00:00:00.000,214,EDC,PKR,1.00001E+17,2239.32,Cafe aylanto
2016-01-15 00:00:00.000,28,EDC,PKR,1.00001E+17,7580.77,Cafe aylanto
2016-01-13 00:00:00.000,242,EDC,PKR,1.00001E+17,7942.89,Cafe aylanto
2016-01-08 00:00:00.000,375,EDC,PKR,1.00001E+17,5966.63,Cafe aylanto
2016-01-07 00:00:00.000,76,EDC,PKR,1.00001E+17,23772.58,Cafe aylanto
2016-01-03 00:00:00.000,156,EDC,PKR,1.00001E+17,1332.46,Cafe aylanto
2016-01-23 00:00:00.000,285,EDC,PKR,1.00001E+17,6607.64,Cafe aylanto
2016-01-26 00:00:00.000,248,EDC,PKR,1.00001E+17,5349.06,Cafe aylanto
2016-01-23 00:00:00.000,246,EDC,PKR,1.00001E+17,3623.28,Cafe aylanto
2016-01-28 00:00:00.000,124,EDC,PKR,1.00001E+17,5750.98,Cafe aylanto
2016-01-16 00:00:00.000,484,EDC,PKR,1.00001E+17,870.52,Cafe aylanto
2016-01-27 00:00:00.000,62,EDC,PKR,1.00001E+17,2053.66,Cafe aylanto
2016-01-30 00:00:00.000,360,EDC,PKR,1.00001E+17,5262.79,Cafe aylanto
2016-01-08 00:00:00.000,46,EDC,PKR,1.00001E+17,6753.21,Cafe aylanto
2016-01-14 00:00:00.000,327,EDC,PKR,1.00001E+17,13152.24,Cafe aylanto
2016-01-29 00:00:00.000,34,EDC,PKR,1.00001E+17,2882.91,Cafe aylanto
2016-01-01 00:00:00.000,45,EDC,PKR,1.00001E+17,19051.49,Cafe aylanto
2016-01-05 00:00:00.000,455,EDC,PKR,1.00001E+17,14374.04,Cafe aylanto
2016-01-05 00:00:00.000,157,EDC,PKR,1.00001E+17,153.78,Cafe aylanto
2016-01-19 00:00:00.000,417,EDC,PKR,1.00001E+17,3333.44,Cafe aylanto
2016-01-11 00:00:00.000,417,EDC,PKR,1.00001E+17,4923.92,Cafe aylanto
2016-01-31 00:00:00.000,210,EDC,PKR,1.00001E+17,4315.03,Cafe aylanto
2016-01-14 00:00:00.000,459,EDC,PKR,1.00001E+17,9929.05,Cafe aylanto
2016-01-27 00:00:00.000,311,EDC,PKR,1.00001E+17,6510.02,Cafe aylanto
2016-01-15 00:00:00.000,236,EDC,PKR,1.00001E+17,23493.74,Cafe aylanto
2016-01-25 00:00:00.000,363,EDC,PKR,1.00001E+17,308.57,Cafe aylanto
2016-01-29 00:00:00.000,433,EDC,PKR,1.00001E+17,7082.30,Cafe aylanto
2016-01-24 00:00:00.000,223,EDC,PKR,1.00001E+17,3571.55,Cafe aylanto
2016-01-13 00:00:00.000,265,EDC,PKR,1.00001E+17,7222.01,Cafe aylanto
2016-01-07 00:00:00.000,323,EDC,PKR,1.00001E+17,4170.37,Cafe aylanto
2016-01-21 00:00:00.000,20,EDC,PKR,1.00001E+17,9053.16,Cafe aylanto
2016-01-12 00:00:00.000,468,EDC,PKR,1.00001E+17,6887.21,Cafe aylanto
2016-01-21 00:00:00.000,374,EDC,PKR,1.00001E+17,6972.07,Cafe aylanto
2016-01-31 00:00:00.000,69,EDC,PKR,1.00001E+17,7485.63,Cafe aylanto
2016-01-25 00:00:00.000,422,EDC,PKR,1.00001E+17,3148.41,Cafe aylanto
2016-01-05 00:00:00.000,62,EDC,PKR,1.00001E+17,5147.62,Cafe aylanto
2016-01-27 00:00:00.000,292,EDC,PKR,1.00001E+17,4301.70,Cafe aylanto
2016-01-09 00:00:00.000,480,EDC,PKR,1.00001E+17,9410.84,Cafe aylanto
2016-01-10 00:00:00.000,468,EDC,PKR,1.00001E+17,5933.50,Cafe aylanto
2016-01-22 00:00:00.000,183,EDC,PKR,1.00001E+17,8438.95,Cafe aylanto
2016-01-09 00:00:00.000,317,EDC,PKR,1.00001E+17,3775.97,Cafe aylanto
2016-01-05 00:00:00.000,431,EDC,PKR,1.00001E+17,5893.38,Cafe aylanto
2016-01-11 00:00:00.000,147,EDC,PKR,1.00001E+17,7017.79,Cafe aylanto
2016-01-06 00:00:00.000,304,EDC,PKR,1.00001E+17,9662.75,Cafe aylanto
2016-01-24 00:00:00.000,129,EDC,PKR,1.00001E+17,9147.51,Cafe aylanto
2016-01-28 00:00:00.000,419,EDC,PKR,1.00001E+17,9286.54,Cafe aylanto
2016-01-01 00:00:00.000,291,EDC,PKR,1.00001E+17,4510.58,Cafe aylanto
2016-01-11 00:00:00.000,398,EDC,PKR,1.00001E+17,1786.07,Cafe aylanto
2016-01-13 00:00:00.000,55,EDC,PKR,1.00001E+17,2323.72,Cafe aylanto
2016-01-14 00:00:00.000,70,EDC,PKR,1.00001E+17,1936.92,Cafe aylanto
2016-01-25 00:00:00.000,300,EDC,PKR,1.00001E+17,991.39,Cafe aylanto
2016-01-16 00:00:00.000,37,EDC,PKR,1.00001E+17,5814.64,Cafe aylanto
2016-01-05 00:00:00.000,183,EDC,PKR,1.00001E+17,5940.02,Cafe aylanto
2016-01-30 00:00:00.000,18,EDC,PKR,1.00001E+17,3039.89,Cafe aylanto
2016-01-26 00:00:00.000,261,EDC,PKR,1.00001E+17,1086.31,Cafe aylanto
2016-01-24 00:00:00.000,456,EDC,PKR,1.00001E+17,13329.61,Cafe aylanto
2016-01-19 00:00:00.000,84,EDC,PKR,1.00001E+17,7179.88,Cafe aylanto
2016-01-16 00:00:00.000,36,EDC,PKR,1.00001E+17,4629.80,Cafe aylanto
2016-01-16 00:00:00.000,2,EDC,PKR,1.00001E+17,54784.97,Cafe aylanto
2016-01-01 00:00:00.000,488,EDC,PKR,1.00001E+17,9200.99,Cafe aylanto
2016-01-14 00:00:00.000,433,EDC,PKR,1.00001E+17,1239.09,Cafe aylanto
2016-01-31 00:00:00.000,83,EDC,PKR,1.00001E+17,461.99,Cafe aylanto
2016-01-03 00:00:00.000,351,EDC,PKR,1.00001E+17,5081.52,Cafe aylanto
2016-01-27 00:00:00.000,50,EDC,PKR,1.00001E+17,1076.33,Maisonette Luxury
2016-01-18 00:00:00.000,465,EDC,PKR,1.00001E+17,9468.46,Crowne Plaza
2016-01-01 00:00:00.000,283,EDC,PKR,1.00001E+17,2442.35,Sakura
2016-01-19 00:00:00.000,396,EDC,PKR,1.00001E+17,5377.03,sajjad
2016-01-30 00:00:00.000,260,EDC,PKR,1.00001E+17,1477.86,Cafe Zoul
2016-01-29 00:00:00.000,317,EDC,PKR,1.00001E+17,544.17,Okra
2016-01-02 00:00:00.000,285,EDC,PKR,1.00001E+17,7614.05,Maisonette Luxury
2016-01-22 00:00:00.000,402,EDC,PKR,1.00001E+17,1038.44,Saly'n Pepper
2016-01-09 00:00:00.000,142,EDC,PKR,1.00001E+17,4274.05,Greens Hotel
2016-01-17 00:00:00.000,38,EDC,PKR,1.00001E+17,7652.80,Monal
2016-01-05 00:00:00.000,183,EDC,PKR,1.00001E+17,3138.07,Okra
2016-01-11 00:00:00.000,93,EDC,PKR,1.00001E+17,6017.76,Best Western
2016-01-13 00:00:00.000,422,EDC,PKR,1.00001E+17,493.30,Cafe Zoul
2016-01-20 00:00:00.000,345,EDC,PKR,1.00001E+17,5747.42,Best Western
2016-01-22 00:00:00.000,115,EDC,PKR,1.00001E+17,4892.87,Taipan
2016-01-13 00:00:00.000,58,EDC,PKR,1.00001E+17,619.68,Saly'n Pepper
2016-01-11 00:00:00.000,274,EDC,PKR,1.00001E+17,3831.22,Haveli Restaurant
2016-01-06 00:00:00.000,56,EDC,PKR,1.00001E+17,9789.07,The Pakistani
2016-01-08 00:00:00.000,397,EDC,PKR,1.00001E+17,703.79,Okra
2016-01-19 00:00:00.000,316,EDC,PKR,1.00001E+17,7923.84,Monal
2016-01-12 00:00:00.000,286,EDC,PKR,1.00001E+17,2174.09,Cafe aylanto
2016-01-26 00:00:00.000,80,EDC,PKR,1.00001E+17,13314.42,Cafe aylanto
2016-01-29 00:00:00.000,181,EDC,PKR,1.00001E+17,1880.17,The Hotel
2016-01-01 00:00:00.000,81,EDC,PKR,1.00001E+17,5726.62,Andaaz Restaurant
2016-01-12 00:00:00.000,98,EDC,PKR,1.00001E+17,3829.56,Sakura
2016-01-28 00:00:00.000,214,EDC,PKR,1.00001E+17,8314.03,The Pakistani
2016-01-29 00:00:00.000,396,EDC,PKR,1.00001E+17,1130.35,sajjad
2016-01-07 00:00:00.000,320,EDC,PKR,1.00001E+17,8711.83,Cuckoo's Den
2016-01-20 00:00:00.000,396,EDC,PKR,1.00001E+17,7256.34,Cafe aylanto
2016-01-18 00:00:00.000,61,EDC,PKR,1.00001E+17,2504.16,Sakura
2016-01-03 00:00:00.000,113,EDC,PKR,1.00001E+17,8652.05,Saly'n Pepper
2016-01-18 00:00:00.000,342,EDC,PKR,1.00001E+17,3236.93,Taipan
2016-01-19 00:00:00.000,438,EDC,PKR,1.00001E+17,4318.31,Cuckoo's Den
2016-01-14 00:00:00.000,149,EDC,PKR,1.00001E+17,6600.37,Envoy Continental
2016-01-31 00:00:00.000,89,EDC,PKR,1.00001E+17,1036.10,Envoy Continental
2016-01-19 00:00:00.000,446,EDC,PKR,1.00001E+17,9633.60,Taipan
2016-01-29 00:00:00.000,461,EDC,PKR,1.00001E+17,6792.25,Maisonette Luxury
2016-01-11 00:00:00.000,122,EDC,PKR,1.00001E+17,6666.47,Best Western
2016-01-18 00:00:00.000,107,EDC,PKR,1.00001E+17,4254.75,Greens Hotel
2016-01-18 00:00:00.000,500,EDC,PKR,1.00001E+17,7061.34,sajjad
2016-01-28 00:00:00.000,74,EDC,PKR,1.00001E+17,839.74,sajjad
2016-01-10 00:00:00.000,491,EDC,PKR,1.00001E+17,2378.59,Monal
2016-01-24 00:00:00.000,471,EDC,PKR,1.00001E+17,4064.53,Crowne Plaza
2016-01-22 00:00:00.000,223,EDC,PKR,1.00001E+17,3962.67,Cafe Zoul
2016-01-09 00:00:00.000,308,EDC,PKR,1.00001E+17,4924.21,Taipan
2016-01-26 00:00:00.000,110,EDC,PKR,1.00001E+17,5699.99,Crowne Plaza
2016-01-21 00:00:00.000,93,EDC,PKR,1.00001E+17,4923.24,Saly'n Pepper
2016-01-02 00:00:00.000,353,EDC,PKR,1.00001E+17,3994.69,Andaaz Restaurant
2016-01-17 00:00:00.000,177,EDC,PKR,1.00001E+17,5980.82,Haveli Restaurant
2016-01-29 00:00:00.000,305,EDC,PKR,1.00001E+17,645.61,Monal
2016-01-24 00:00:00.000,168,EDC,PKR,1.00001E+17,937.71,Okra
2016-01-02 00:00:00.000,323,EDC,PKR,1.00001E+17,2617.76,Best Western
2016-01-31 00:00:00.000,350,EDC,PKR,1.00001E+17,6033.45,Best Western
2016-01-29 00:00:00.000,495,EDC,PKR,1.00001E+17,6872.25,Saly'n Pepper
2016-01-13 00:00:00.000,288,EDC,PKR,1.00001E+17,452.47,Haveli Restaurant
2016-01-26 00:00:00.000,494,EDC,PKR,1.00001E+17,1796.79,Envoy Continental
2016-01-23 00:00:00.000,483,EDC,PKR,1.00001E+17,8000.08,Monal
2016-01-02 00:00:00.000,47,EDC,PKR,1.00001E+17,8040.10,Qabail Tribes
2016-01-25 00:00:00.000,66,EDC,PKR,1.00001E+17,3844.46,Cafe aylanto
2016-01-23 00:00:00.000,192,EDC,PKR,1.00001E+17,6142.14,The Hotel
2016-01-08 00:00:00.000,411,EDC,PKR,1.00001E+17,4298.15,Monal
2016-01-17 00:00:00.000,151,EDC,PKR,1.00001E+17,7038.53,Cuckoo's Den
2016-01-11 00:00:00.000,38,EDC,PKR,1.00001E+17,4121.02,Greens Hotel
2016-01-03 00:00:00.000,304,EDC,PKR,1.00001E+17,2478.27,Okra
2016-01-27 00:00:00.000,272,EDC,PKR,1.00001E+17,3710.46,Cuckoo's Den
2016-01-01 00:00:00.000,181,EDC,PKR,1.00001E+17,3811.41,Haveli Restaurant
2016-01-23 00:00:00.000,190,EDC,PKR,1.00001E+17,7568.24,Qabail Tribes
2016-01-11 00:00:00.000,233,EDC,PKR,1.00001E+17,6319.31,Sakura
2016-01-21 00:00:00.000,306,EDC,PKR,1.00001E+17,6842.43,Monal
2016-01-21 00:00:00.000,137,EDC,PKR,1.00001E+17,489.52,sajjad
2016-01-07 00:00:00.000,147,EDC,PKR,1.00001E+17,6163.94,Cafe aylanto
2016-01-16 00:00:00.000,284,EDC,PKR,1.00001E+17,6011.73,Cafe aylanto
2016-01-20 00:00:00.000,375,EDC,PKR,1.00001E+17,3600.05,sajjad
2016-01-10 00:00:00.000,51,EDC,PKR,1.00001E+17,6621.49,Andaaz Restaurant
2016-01-07 00:00:00.000,256,EDC,PKR,1.00001E+17,943.76,Monal
2016-01-30 00:00:00.000,202,EDC,PKR,1.00001E+17,3173.75,The Pakistani
2016-01-17 00:00:00.000,361,EDC,PKR,1.00001E+17,9174.36,Okra
2016-01-29 00:00:00.000,500,EDC,PKR,1.00001E+17,8084.07,Sakura
2016-01-03 00:00:00.000,382,EDC,PKR,1.00001E+17,3754.47,The Pakistani
2016-01-14 00:00:00.000,117,EDC,PKR,1.00001E+17,3583.58,Monal
2016-01-17 00:00:00.000,209,EDC,PKR,1.00001E+17,9729.38,Cafe Zoul
2016-01-12 00:00:00.000,278,EDC,PKR,1.00001E+17,5433.51,Greens Hotel
2016-01-30 00:00:00.000,120,EDC,PKR,1.00001E+17,2220.37,Cuckoo's Den
2016-01-14 00:00:00.000,418,EDC,PKR,1.00001E+17,3723.98,Cuckoo's Den
2016-01-01 00:00:00.000,44,EDC,PKR,1.00001E+17,8456.09,Best Western
2016-01-13 00:00:00.000,464,EDC,PKR,1.00001E+17,3378.90,Haveli Restaurant
2016-01-05 00:00:00.000,365,EDC,PKR,1.00001E+17,3580.97,The Hotel
2016-01-30 00:00:00.000,161,EDC,PKR,1.00001E+17,13561.86,Cafe aylanto
2016-01-02 00:00:00.000,117,EDC,PKR,1.00001E+17,5791.93,Crowne Plaza
2016-01-19 00:00:00.000,213,EDC,PKR,1.00001E+17,8471.68,Saly'n Pepper
2016-01-25 00:00:00.000,478,EDC,PKR,1.00001E+17,4464.67,Best Western
2016-01-28 00:00:00.000,379,EDC,PKR,1.00001E+17,5111.83,Maisonette Luxury
2016-01-17 00:00:00.000,496,EDC,PKR,1.00001E+17,972.62,Cuckoo's Den
2016-01-16 00:00:00.000,135,EDC,PKR,1.00001E+17,8733.70,Andaaz Restaurant
2016-01-09 00:00:00.000,289,EDC,PKR,1.00001E+17,2051.24,Envoy Continental
2016-01-20 00:00:00.000,388,EDC,PKR,1.00001E+17,7617.56,Maisonette Luxury
2016-01-26 00:00:00.000,349,EDC,PKR,1.00001E+17,785.48,Maisonette Luxury
2016-01-29 00:00:00.000,405,EDC,PKR,1.00001E+17,1021.73,Sakura
2016-01-22 00:00:00.000,166,EDC,PKR,1.00001E+17,13576.69,Cafe aylanto
2016-01-29 00:00:00.000,169,EDC,PKR,1.00001E+17,1483.84,Cafe Zoul
2016-01-08 00:00:00.000,321,EDC,PKR,1.00001E+17,1947.86,Saly'n Pepper
2016-01-10 00:00:00.000,456,EDC,PKR,1.00001E+17,2634.74,The Hotel
2016-01-07 00:00:00.000,95,EDC,PKR,1.00001E+17,4401.23,Cafe aylanto
2016-01-07 00:00:00.000,430,EDC,PKR,1.00001E+17,6562.16,Cafe aylanto
2016-01-30 00:00:00.000,322,EDC,PKR,1.00001E+17,3489.97,Cafe aylanto
2016-01-13 00:00:00.000,344,EDC,PKR,1.00001E+17,6737.90,Cafe aylanto
2016-01-29 00:00:00.000,81,EDC,PKR,1.00001E+17,1219.74,Cafe aylanto
2016-01-25 00:00:00.000,298,EDC,PKR,1.00001E+17,8704.82,Cafe aylanto
2016-01-23 00:00:00.000,462,EDC,PKR,1.00001E+17,4076.51,Cafe aylanto
2016-01-07 00:00:00.000,488,EDC,PKR,1.00001E+17,1728.61,Cafe aylanto
2016-01-19 00:00:00.000,136,EDC,PKR,1.00001E+17,1727.29,Cafe aylanto
2016-01-15 00:00:00.000,370,EDC,PKR,1.00001E+17,12837.50,Cafe aylanto
2016-01-24 00:00:00.000,400,EDC,PKR,1.00001E+17,6107.62,Cafe aylanto
2016-01-30 00:00:00.000,422,EDC,PKR,1.00001E+17,2764.76,Cafe aylanto
2016-01-07 00:00:00.000,127,EDC,PKR,1.00001E+17,12994.56,Cafe aylanto
2016-01-26 00:00:00.000,440,EDC,PKR,1.00001E+17,6397.98,Cafe aylanto
2016-01-27 00:00:00.000,289,EDC,PKR,1.00001E+17,7688.54,Cafe aylanto
2016-01-13 00:00:00.000,330,EDC,PKR,1.00001E+17,5707.22,Cafe aylanto
2016-01-11 00:00:00.000,92,EDC,PKR,1.00001E+17,5434.06,Cafe aylanto
2016-01-02 00:00:00.000,213,EDC,PKR,1.00001E+17,981.36,Cafe aylanto
2016-01-22 00:00:00.000,58,EDC,PKR,1.00001E+17,29183.52,Cafe aylanto
2016-01-21 00:00:00.000,255,EDC,PKR,1.00001E+17,155.66,Cafe aylanto
2016-01-18 00:00:00.000,301,EDC,PKR,1.00001E+17,7812.97,Cafe aylanto
2016-01-18 00:00:00.000,99,EDC,PKR,1.00001E+17,1571.83,Cafe aylanto
2016-01-01 00:00:00.000,44,EDC,PKR,1.00001E+17,1109.77,Cafe aylanto
2016-01-05 00:00:00.000,225,EDC,PKR,1.00001E+17,8223.12,Cafe aylanto
2016-01-22 00:00:00.000,295,EDC,PKR,1.00001E+17,9705.34,Cafe aylanto
2016-01-30 00:00:00.000,139,EDC,PKR,1.00001E+17,3822.13,Cafe aylanto
2016-01-09 00:00:00.000,369,EDC,PKR,1.00001E+17,9272.65,Cafe aylanto
2016-01-01 00:00:00.000,298,EDC,PKR,1.00001E+17,1065.32,Cafe aylanto
2016-01-06 00:00:00.000,387,EDC,PKR,1.00001E+17,2553.66,Cafe aylanto
2016-01-12 00:00:00.000,222,EDC,PKR,1.00001E+17,9682.59,Cafe aylanto
2016-01-13 00:00:00.000,295,EDC,PKR,1.00001E+17,7329.06,Cafe aylanto
2016-01-05 00:00:00.000,366,EDC,PKR,1.00001E+17,5157.15,Cafe aylanto
2016-01-26 00:00:00.000,232,EDC,PKR,1.00001E+17,15741.64,Cafe aylanto
2016-01-15 00:00:00.000,465,EDC,PKR,1.00001E+17,6413.30,Cafe aylanto
2016-01-26 00:00:00.000,182,EDC,PKR,1.00001E+17,577.08,Cafe aylanto
2016-01-10 00:00:00.000,474,EDC,PKR,1.00001E+17,21678.05,Cafe aylanto
2016-01-25 00:00:00.000,361,EDC,PKR,1.00001E+17,7803.98,Cafe aylanto
2016-01-16 00:00:00.000,344,EDC,PKR,1.00001E+17,600.87,Cafe aylanto
2016-01-13 00:00:00.000,360,EDC,PKR,1.00001E+17,3017.24,Cafe aylanto
2016-01-02 00:00:00.000,397,EDC,PKR,1.00001E+17,12220.59,Cafe aylanto
2016-01-07 00:00:00.000,347,EDC,PKR,1.00001E+17,13171.31,Cafe aylanto
2016-01-27 00:00:00.000,312,EDC,PKR,1.00001E+17,2053.44,Cafe aylanto
2016-01-17 00:00:00.000,468,EDC,PKR,1.00001E+17,3196.04,Cafe aylanto
2016-01-27 00:00:00.000,420,EDC,PKR,1.00001E+17,7442.05,Cafe aylanto
2016-01-24 00:00:00.000,26,EDC,PKR,1.00001E+17,849.76,Cafe aylanto
2016-01-31 00:00:00.000,157,EDC,PKR,1.00001E+17,5708.56,Cafe aylanto
2016-01-06 00:00:00.000,119,EDC,PKR,1.00001E+17,1549.59,Cafe aylanto
2016-01-28 00:00:00.000,470,EDC,PKR,1.00001E+17,638.97,Cafe aylanto
2016-01-02 00:00:00.000,79,EDC,PKR,1.00001E+17,5306.25,Cafe aylanto
2016-01-25 00:00:00.000,192,EDC,PKR,1.00001E+17,3878.07,Cafe aylanto
2016-01-02 00:00:00.000,473,EDC,PKR,1.00001E+17,5693.35,Cafe aylanto
2016-01-03 00:00:00.000,278,EDC,PKR,1.00001E+17,5236.61,Cafe aylanto
2016-01-07 00:00:00.000,472,EDC,PKR,1.00001E+17,11847.11,Cafe aylanto
2016-01-25 00:00:00.000,458,EDC,PKR,1.00001E+17,8118.78,Cafe aylanto
2016-01-30 00:00:00.000,336,EDC,PKR,1.00001E+17,534.91,Cafe aylanto
2016-01-29 00:00:00.000,33,EDC,PKR,1.00001E+17,1775.21,Cafe aylanto
2016-01-17 00:00:00.000,204,EDC,PKR,1.00001E+17,7015.50,Cafe aylanto
2016-01-17 00:00:00.000,368,EDC,PKR,1.00001E+17,1297.21,Cafe aylanto
2016-01-30 00:00:00.000,180,EDC,PKR,1.00001E+17,9964.85,Cafe aylanto
2016-01-03 00:00:00.000,119,EDC,PKR,1.00001E+17,6509.18,Cafe aylanto
2016-01-09 00:00:00.000,7,EDC,PKR,1.00001E+17,1250.20,Cafe aylanto
2016-01-29 00:00:00.000,165,EDC,PKR,1.00001E+17,9381.53,Cafe aylanto
2016-01-27 00:00:00.000,266,EDC,PKR,1.00001E+17,2057.17,Cafe aylanto
2016-01-18 00:00:00.000,295,EDC,PKR,1.00001E+17,6431.54,Cafe aylanto
2016-01-07 00:00:00.000,171,EDC,PKR,1.00001E+17,8818.49,Cafe aylanto
2016-01-25 00:00:00.000,35,EDC,PKR,1.00001E+17,6228.17,Cafe aylanto
2016-01-01 00:00:00.000,499,EDC,PKR,1.00001E+17,14104.96,Cafe aylanto
2016-01-28 00:00:00.000,355,EDC,PKR,1.00001E+17,4164.85,Cafe aylanto
2016-01-03 00:00:00.000,251,EDC,PKR,1.00001E+17,16995.21,Cafe aylanto
2016-01-27 00:00:00.000,144,EDC,PKR,1.00001E+17,5258.35,Cafe aylanto
2016-01-03 00:00:00.000,467,EDC,PKR,1.00001E+17,6694.85,Cafe aylanto
2016-01-24 00:00:00.000,122,EDC,PKR,1.00001E+17,5941.54,Cafe aylanto
2016-01-22 00:00:00.000,15,EDC,PKR,1.00001E+17,2167.58,Cafe aylanto
2016-01-16 00:00:00.000,95,EDC,PKR,1.00001E+17,849.74,Cafe aylanto
2016-01-07 00:00:00.000,313,EDC,PKR,1.00001E+17,6871.94,Cafe aylanto
2016-01-04 00:00:00.000,22,EDC,PKR,1.00001E+17,6747.10,Cafe aylanto
2016-01-03 00:00:00.000,449,EDC,PKR,1.00001E+17,1410.95,Cafe aylanto
2016-01-24 00:00:00.000,461,EDC,PKR,1.00001E+17,1566.23,Cafe aylanto
2016-01-15 00:00:00.000,153,EDC,PKR,1.00001E+17,7211.45,Cafe aylanto
2016-01-30 00:00:00.000,63,EDC,PKR,1.00001E+17,1129.63,Cafe aylanto
2016-01-29 00:00:00.000,1,EDC,PKR,1.00001E+17,6872.93,Cafe aylanto
2016-01-17 00:00:00.000,18,EDC,PKR,1.00001E+17,1942.11,Cafe aylanto
2016-01-18 00:00:00.000,77,EDC,PKR,1.00001E+17,2835.57,Cafe aylanto
2016-01-22 00:00:00.000,311,EDC,PKR,1.00001E+17,6032.62,Cafe aylanto
2016-01-21 00:00:00.000,198,EDC,PKR,1.00001E+17,136.40,Cafe aylanto
2016-01-23 00:00:00.000,148,EDC,PKR,1.00001E+17,1255.19,sajjad
2016-01-04 00:00:00.000,445,EDC,PKR,1.00001E+17,9819.31,Sakura
2016-01-09 00:00:00.000,426,EDC,PKR,1.00001E+17,9755.44,Monal
2016-01-12 00:00:00.000,401,EDC,PKR,1.00001E+17,1924.67,Greens Hotel
2016-01-27 00:00:00.000,484,EDC,PKR,1.00001E+17,5034.28,Haveli Restaurant
2016-01-04 00:00:00.000,240,EDC,PKR,1.00001E+17,9681.69,The Pakistani
2016-01-17 00:00:00.000,405,EDC,PKR,1.00001E+17,5761.81,Saly'n Pepper
2016-01-07 00:00:00.000,224,EDC,PKR,1.00001E+17,1456.49,Cuckoo's Den
2016-01-12 00:00:00.000,415,EDC,PKR,1.00001E+17,2159.13,Qabail Tribes
2016-01-13 00:00:00.000,212,EDC,PKR,1.00001E+17,11682.50,Cafe aylanto
2016-01-26 00:00:00.000,82,EDC,PKR,1.00001E+17,3117.06,Maisonette Luxury
2016-01-12 00:00:00.000,106,EDC,PKR,1.00001E+17,4899.42,Envoy Continental
2016-01-05 00:00:00.000,90,EDC,PKR,1.00001E+17,1245.08,Qabail Tribes
2016-01-01 00:00:00.000,270,EDC,PKR,1.00001E+17,790.60,Monal
2016-01-21 00:00:00.000,226,EDC,PKR,1.00001E+17,1315.26,Sakura
2016-01-27 00:00:00.000,163,EDC,PKR,1.00001E+17,7247.02,The Hotel
2016-01-30 00:00:00.000,167,EDC,PKR,1.00001E+17,7443.85,Monal
2016-01-29 00:00:00.000,131,EDC,PKR,1.00001E+17,8190.21,Haveli Restaurant
2016-01-29 00:00:00.000,374,EDC,PKR,1.00001E+17,7200.40,Cafe aylanto
2016-01-08 00:00:00.000,237,EDC,PKR,1.00001E+17,117.32,Saly'n Pepper
2016-01-16 00:00:00.000,394,EDC,PKR,1.00001E+17,9475.15,Okra
2016-01-31 00:00:00.000,110,EDC,PKR,1.00001E+17,7539.06,Crowne Plaza
2016-01-11 00:00:00.000,432,EDC,PKR,1.00001E+17,6093.45,Maisonette Luxury
2016-01-07 00:00:00.000,378,EDC,PKR,1.00001E+17,2574.65,Saly'n Pepper
2016-01-18 00:00:00.000,263,EDC,PKR,1.00001E+17,5487.87,Sakura
2016-01-07 00:00:00.000,418,EDC,PKR,1.00001E+17,2647.43,Envoy Continental
2016-01-09 00:00:00.000,189,EDC,PKR,1.00001E+17,7369.66,Cafe aylanto
2016-01-10 00:00:00.000,455,EDC,PKR,1.00001E+17,2204.20,Crowne Plaza
2016-01-24 00:00:00.000,172,EDC,PKR,1.00001E+17,21625.33,Cafe aylanto
2016-01-12 00:00:00.000,35,EDC,PKR,1.00001E+17,2154.32,Maisonette Luxury
2016-01-08 00:00:00.000,226,EDC,PKR,1.00001E+17,1017.67,The Hotel
2016-01-13 00:00:00.000,237,EDC,PKR,1.00001E+17,14894.14,Cafe aylanto
2016-01-04 00:00:00.000,95,EDC,PKR,1.00001E+17,7685.34,Cafe aylanto
2016-01-04 00:00:00.000,357,EDC,PKR,1.00001E+17,8711.82,Greens Hotel
2016-01-02 00:00:00.000,37,EDC,PKR,1.00001E+17,3151.45,Monal
2016-01-25 00:00:00.000,335,EDC,PKR,1.00001E+17,1396.19,Cafe Zoul
2016-01-12 00:00:00.000,436,EDC,PKR,1.00001E+17,5638.13,Taipan
2016-01-23 00:00:00.000,252,EDC,PKR,1.00001E+17,9957.86,Okra
2016-01-29 00:00:00.000,174,EDC,PKR,1.00001E+17,6142.53,Sakura
2016-01-15 00:00:00.000,307,EDC,PKR,1.00001E+17,507.44,Andaaz Restaurant
2016-01-14 00:00:00.000,488,EDC,PKR,1.00001E+17,1071.45,Maisonette Luxury
2016-01-15 00:00:00.000,116,EDC,PKR,1.00001E+17,3729.00,Cuckoo's Den
2016-01-06 00:00:00.000,439,EDC,PKR,1.00001E+17,7101.16,Saly'n Pepper
2016-01-15 00:00:00.000,292,EDC,PKR,1.00001E+17,1833.38,Envoy Continental
2016-01-20 00:00:00.000,262,EDC,PKR,1.00001E+17,6420.69,Andaaz Restaurant
2016-01-09 00:00:00.000,99,EDC,PKR,1.00001E+17,1632.70,Saly'n Pepper
2016-01-03 00:00:00.000,151,EDC,PKR,1.00001E+17,3609.93,Cafe aylanto
2016-01-25 00:00:00.000,472,EDC,PKR,1.00001E+17,4737.65,Saly'n Pepper
2016-01-06 00:00:00.000,371,EDC,PKR,1.00001E+17,15202.82,Cafe aylanto
2016-01-12 00:00:00.000,464,EDC,PKR,1.00001E+17,12310.55,Cafe aylanto
2016-01-30 00:00:00.000,148,EDC,PKR,1.00001E+17,1872.91,Cafe aylanto
2016-01-23 00:00:00.000,203,EDC,PKR,1.00001E+17,14894.25,Cafe aylanto
2016-01-03 00:00:00.000,400,EDC,PKR,1.00001E+17,3643.32,Cafe aylanto
2016-01-20 00:00:00.000,315,EDC,PKR,1.00001E+17,2254.94,Cuckoo's Den
2016-01-14 00:00:00.000,260,EDC,PKR,1.00001E+17,6704.76,Cafe aylanto
2016-01-10 00:00:00.000,467,EDC,PKR,1.00001E+17,7486.36,The Hotel
2016-01-26 00:00:00.000,134,EDC,PKR,1.00001E+17,31190.81,Cafe aylanto
2016-01-15 00:00:00.000,415,EDC,PKR,1.00001E+17,2563.50,Taipan
2016-01-11 00:00:00.000,129,EDC,PKR,1.00001E+17,1674.79,Saly'n Pepper
2016-01-08 00:00:00.000,444,EDC,PKR,1.00001E+17,9022.29,Envoy Continental
2016-01-05 00:00:00.000,472,EDC,PKR,1.00001E+17,3800.73,Cafe aylanto
2016-01-23 00:00:00.000,437,EDC,PKR,1.00001E+17,2300.87,Haveli Restaurant
2016-01-16 00:00:00.000,15,EDC,PKR,1.00001E+17,5210.78,Maisonette Luxury
2016-01-15 00:00:00.000,64,EDC,PKR,1.00001E+17,9759.09,Maisonette Luxury
2016-01-27 00:00:00.000,123,EDC,PKR,1.00001E+17,254.15,Cafe aylanto
2016-01-01 00:00:00.000,397,EDC,PKR,1.00001E+17,9900.12,The Hotel
2016-01-15 00:00:00.000,47,EDC,PKR,1.00001E+17,8216.90,The Hotel
2016-01-01 00:00:00.000,198,EDC,PKR,1.00001E+17,9891.94,Cafe aylanto
2016-01-12 00:00:00.000,207,EDC,PKR,1.00001E+17,1944.11,Cafe Zoul
2016-01-22 00:00:00.000,45,EDC,PKR,1.00001E+17,4689.51,The Pakistani
2016-01-12 00:00:00.000,12,EDC,PKR,1.00001E+17,29862.61,Cafe aylanto
2016-01-05 00:00:00.000,145,EDC,PKR,1.00001E+17,570.70,Crowne Plaza
2016-01-28 00:00:00.000,184,EDC,PKR,1.00001E+17,4649.20,Cafe aylanto
2016-01-26 00:00:00.000,92,EDC,PKR,1.00001E+17,3866.13,Monal
2016-01-11 00:00:00.000,34,EDC,PKR,1.00001E+17,38789.19,Okra
2016-01-18 00:00:00.000,393,EDC,PKR,1.00001E+17,79599.36,Cafe aylanto
2016-01-12 00:00:00.000,427,EDC,PKR,1.00001E+17,19282.62,Taipan
2016-01-02 00:00:00.000,225,EDC,PKR,1.00001E+17,23747.34,Cafe aylanto
2016-01-26 00:00:00.000,374,EDC,PKR,1.00001E+17,84939.05,Cafe aylanto
2016-01-01 00:00:00.000,429,EDC,PKR,1.00001E+17,12340.52,Sakura
2016-01-02 00:00:00.000,410,EDC,PKR,1.00001E+17,61637.99,sajjad
2016-01-01 00:00:00.000,330,EDC,PKR,1.00001E+17,90524.55,Cafe aylanto
2016-01-26 00:00:00.000,134,EDC,PKR,1.00001E+17,61414.26,Monal
2016-01-27 00:00:00.000,366,EDC,PKR,1.00001E+17,70155.01,Saly'n Pepper
2016-01-12 00:00:00.000,448,EDC,PKR,1.00001E+17,79725.95,Cuckoo's Den
2016-01-05 00:00:00.000,225,EDC,PKR,1.00001E+17,43983.77,Monal
2016-01-17 00:00:00.000,226,EDC,PKR,1.00001E+17,1316.89,Cafe aylanto
2016-01-16 00:00:00.000,421,EDC,PKR,1.00001E+17,84874.54,Cafe aylanto
2016-01-04 00:00:00.000,232,EDC,PKR,1.00001E+17,12856.05,Andaaz Restaurant
2016-01-09 00:00:00.000,364,EDC,PKR,1.00001E+17,29110.89,Best Western
2016-01-06 00:00:00.000,141,EDC,PKR,1.00001E+17,72552.84,The Pakistani
2016-01-23 00:00:00.000,78,EDC,PKR,1.00001E+17,70161.15,Cafe aylanto
2016-01-18 00:00:00.000,280,EDC,PKR,1.00001E+17,87530.54,Cafe Zoul
2016-01-26 00:00:00.000,25,EDC,PKR,1.00001E+17,41846.22,sajjad
2016-01-11 00:00:00.000,416,EDC,PKR,1.00001E+17,58477.61,Cafe aylanto
2016-01-27 00:00:00.000,457,EDC,PKR,1.00001E+17,97454.77,The Hotel
2016-01-11 00:00:00.000,275,EDC,PKR,1.00001E+17,3733.59,Okra
2016-01-24 00:00:00.000,304,EDC,PKR,1.00001E+17,48869.66,Monal
2016-01-15 00:00:00.000,369,EDC,PKR,1.00001E+17,90570.06,Cafe aylanto
2016-01-04 00:00:00.000,168,EDC,PKR,1.00001E+17,35992.63,Envoy Continental
2016-01-15 00:00:00.000,285,EDC,PKR,1.00001E+17,46653.08,Okra
2016-01-08 00:00:00.000,413,EDC,PKR,1.00001E+17,61676.37,The Pakistani
2016-01-06 00:00:00.000,466,EDC,PKR,1.00001E+17,12972.11,Maisonette Luxury
2016-01-01 00:00:00.000,430,EDC,PKR,1.00001E+17,67157.17,Greens Hotel
2016-01-29 00:00:00.000,105,EDC,PKR,1.00001E+17,24631.87,Cafe aylanto
2016-01-31 00:00:00.000,361,EDC,PKR,1.00001E+17,78926.62,Greens Hotel
2016-01-29 00:00:00.000,478,EDC,PKR,1.00001E+17,31014.84,Haveli Restaurant
2016-01-31 00:00:00.000,315,EDC,PKR,1.00001E+17,26237.55,Cafe Zoul
2016-01-08 00:00:00.000,331,EDC,PKR,1.00001E+17,17569.72,Greens Hotel
2016-01-18 00:00:00.000,96,EDC,PKR,1.00001E+17,99665.95,Maisonette Luxury
2016-01-07 00:00:00.000,77,EDC,PKR,1.00001E+17,48414.14,Qabail Tribes
2016-01-12 00:00:00.000,321,EDC,PKR,1.00001E+17,94843.72,Cafe aylanto
2016-01-13 00:00:00.000,407,EDC,PKR,1.00001E+17,68981.74,Cafe aylanto
2016-01-18 00:00:00.000,105,EDC,PKR,1.00001E+17,95431.51,Qabail Tribes
2016-01-23 00:00:00.000,263,EDC,PKR,1.00001E+17,27061.73,The Pakistani
2016-01-28 00:00:00.000,23,EDC,PKR,1.00001E+17,43008.56,Sakura
2016-01-24 00:00:00.000,404,EDC,PKR,1.00001E+17,44490.61,Cafe aylanto
2016-01-02 00:00:00.000,56,EDC,PKR,1.00001E+17,40264.78,Sakura
2016-01-17 00:00:00.000,403,EDC,PKR,1.00001E+17,80252.04,Okra
2016-01-23 00:00:00.000,489,EDC,PKR,1.00001E+17,99648.53,Haveli Restaurant
2016-01-29 00:00:00.000,402,EDC,PKR,1.00001E+17,85579.59,Qabail Tribes
2016-01-04 00:00:00.000,498,EDC,PKR,1.00001E+17,89638.16,Cafe aylanto
2016-01-01 00:00:00.000,114,EDC,PKR,1.00001E+17,56533.62,Qabail Tribes
2016-01-10 00:00:00.000,103,EDC,PKR,1.00001E+17,65091.78,Cafe aylanto
2016-01-11 00:00:00.000,469,EDC,PKR,1.00001E+17,18997.89,Cafe Zoul
2016-01-26 00:00:00.000,381,EDC,PKR,1.00001E+17,76217.73,Envoy Continental
2016-01-18 00:00:00.000,66,EDC,PKR,1.00001E+17,69303.37,Taipan
2016-01-08 00:00:00.000,341,EDC,PKR,1.00001E+17,7180.46,Cuckoo's Den
2016-01-14 00:00:00.000,122,EDC,PKR,1.00001E+17,63522.56,Monal
2016-01-07 00:00:00.000,36,EDC,PKR,1.00001E+17,43919.44,The Hotel
2016-01-05 00:00:00.000,483,EDC,PKR,1.00001E+17,47315.82,Haveli Restaurant
2016-01-10 00:00:00.000,257,EDC,PKR,1.00001E+17,90008.22,Crowne Plaza
2016-01-09 00:00:00.000,137,EDC,PKR,1.00001E+17,12501.98,Andaaz Restaurant
2016-01-19 00:00:00.000,458,EDC,PKR,1.00001E+17,76670.82,Maisonette Luxury
2016-01-26 00:00:00.000,308,EDC,PKR,1.00001E+17,67358.23,Cafe aylanto
2016-01-08 00:00:00.000,350,EDC,PKR,1.00001E+17,38778.08,Saly'n Pepper
2016-01-25 00:00:00.000,47,EDC,PKR,1.00001E+17,99143.23,Envoy Continental
2016-01-09 00:00:00.000,205,EDC,PKR,1.00001E+17,70750.00,Cafe aylanto
2016-01-09 00:00:00.000,393,EDC,PKR,1.00001E+17,93815.31,sajjad
2016-01-25 00:00:00.000,360,EDC,PKR,1.00001E+17,87826.17,Greens Hotel
2016-01-02 00:00:00.000,88,EDC,PKR,1.00001E+17,62981.78,The Pakistani
2016-01-04 00:00:00.000,438,EDC,PKR,1.00001E+17,86856.31,Cuckoo's Den
2016-01-22 00:00:00.000,178,EDC,PKR,1.00001E+17,31630.87,Cafe aylanto
2016-01-23 00:00:00.000,191,EDC,PKR,1.00001E+17,20571.74,sajjad
2016-01-25 00:00:00.000,210,EDC,PKR,1.00001E+17,78817.94,Maisonette Luxury
2016-01-07 00:00:00.000,188,EDC,PKR,1.00001E+17,54928.32,Saly'n Pepper
2016-01-04 00:00:00.000,239,EDC,PKR,1.00001E+17,7052.00,Envoy Continental
2016-01-03 00:00:00.000,257,EDC,PKR,1.00001E+17,82595.41,Taipan
2016-01-12 00:00:00.000,274,EDC,PKR,1.00001E+17,60560.99,Envoy Continental
2016-01-09 00:00:00.000,11,EDC,PKR,1.00001E+17,82420.95,Cafe aylanto
2016-01-01 00:00:00.000,473,EDC,PKR,1.00001E+17,18844.47,Haveli Restaurant
2016-01-16 00:00:00.000,351,EDC,PKR,1.00001E+17,64315.40,Greens Hotel
2016-01-28 00:00:00.000,481,EDC,PKR,1.00001E+17,31198.52,The Pakistani
2016-01-19 00:00:00.000,365,EDC,PKR,1.00001E+17,19334.00,Cafe aylanto
2016-01-14 00:00:00.000,100,EDC,PKR,1.00001E+17,12120.71,Andaaz Restaurant
2016-01-27 00:00:00.000,402,EDC,PKR,1.00001E+17,64534.67,Haveli Restaurant
2016-01-11 00:00:00.000,322,EDC,PKR,1.00001E+17,10058.88,Andaaz Restaurant
2016-01-22 00:00:00.000,59,EDC,PKR,1.00001E+17,12289.69,Cafe aylanto
2016-01-24 00:00:00.000,338,EDC,PKR,1.00001E+17,82212.62,Haveli Restaurant
2016-01-24 00:00:00.000,467,EDC,PKR,1.00001E+17,20261.91,sajjad
2016-01-18 00:00:00.000,247,EDC,PKR,1.00001E+17,7580.06,Cuckoo's Den
2016-01-01 00:00:00.000,466,EDC,PKR,1.00001E+17,61148.31,Cafe aylanto
2016-01-12 00:00:00.000,328,EDC,PKR,1.00001E+17,52091.20,Cafe aylanto
2016-01-16 00:00:00.000,481,EDC,PKR,1.00001E+17,49786.70,Cafe Zoul
2016-01-16 00:00:00.000,133,EDC,PKR,1.00001E+17,70654.06,Cafe aylanto
2016-01-06 00:00:00.000,475,EDC,PKR,1.00001E+17,48517.60,Cafe aylanto
2016-01-01 00:00:00.000,392,EDC,PKR,1.00001E+17,97181.87,Cafe Zoul
2016-01-09 00:00:00.000,104,EDC,PKR,1.00001E+17,17316.13,Haveli Restaurant
2016-01-29 00:00:00.000,249,EDC,PKR,1.00001E+17,19135.87,Monal
2016-01-03 00:00:00.000,306,EDC,PKR,1.00001E+17,83240.06,Crowne Plaza
2016-01-07 00:00:00.000,200,EDC,PKR,1.00001E+17,52939.71,Okra
2016-01-30 00:00:00.000,264,EDC,PKR,1.00001E+17,71965.10,Cafe aylanto
2016-01-06 00:00:00.000,205,EDC,PKR,1.00001E+17,93033.25,Cuckoo's Den
2016-01-11 00:00:00.000,190,EDC,PKR,1.00001E+17,61843.04,Saly'n Pepper
2016-01-28 00:00:00.000,249,EDC,PKR,1.00001E+17,26329.51,Crowne Plaza
2016-01-28 00:00:00.000,301,EDC,PKR,1.00001E+17,11232.62,The Hotel
2016-01-02 00:00:00.000,263,EDC,PKR,1.00001E+17,2711.24,Saly'n Pepper
2016-01-04 00:00:00.000,93,EDC,PKR,1.00001E+17,21681.20,Saly'n Pepper
2016-01-26 00:00:00.000,68,EDC,PKR,1.00001E+17,92145.39,The Pakistani
2016-01-09 00:00:00.000,270,EDC,PKR,1.00001E+17,69714.03,Cafe aylanto
2016-01-31 00:00:00.000,83,EDC,PKR,1.00001E+17,88184.90,Envoy Continental
2016-01-17 00:00:00.000,385,EDC,PKR,1.00001E+17,62281.68,Cafe aylanto
2016-01-26 00:00:00.000,169,EDC,PKR,1.00001E+17,96294.45,Maisonette Luxury
2016-01-25 00:00:00.000,16,EDC,PKR,1.00001E+17,35792.92,The Pakistani
2016-01-24 00:00:00.000,488,EDC,PKR,1.00001E+17,48887.12,Haveli Restaurant
2016-01-03 00:00:00.000,391,EDC,PKR,1.00001E+17,80849.87,Cafe aylanto
2016-01-17 00:00:00.000,45,EDC,PKR,1.00001E+17,60749.96,Haveli Restaurant
2016-01-02 00:00:00.000,193,EDC,PKR,1.00001E+17,4813.20,The Hotel
2016-01-04 00:00:00.000,482,EDC,PKR,1.00001E+17,80139.63,Qabail Tribes
2016-01-10 00:00:00.000,40,EDC,PKR,1.00001E+17,27937.23,Cafe aylanto
2016-01-04 00:00:00.000,215,EDC,PKR,1.00001E+17,66602.04,Cafe aylanto
2016-01-12 00:00:00.000,38,EDC,PKR,1.00001E+17,55691.79,Cafe aylanto
2016-01-05 00:00:00.000,320,EDC,PKR,1.00001E+17,96010.52,Cafe aylanto
2016-01-02 00:00:00.000,296,EDC,PKR,1.00001E+17,19150.33,Haveli Restaurant
2016-01-23 00:00:00.000,218,EDC,PKR,1.00001E+17,45094.57,Qabail Tribes
2016-01-20 00:00:00.000,185,EDC,PKR,1.00001E+17,77706.32,Saly'n Pepper
2016-01-09 00:00:00.000,24,EDC,PKR,1.00001E+17,14408.81,Cafe aylanto
2016-01-24 00:00:00.000,129,EDC,PKR,1.00001E+17,99415.97,Cafe aylanto
2016-01-08 00:00:00.000,275,EDC,PKR,1.00001E+17,65793.92,Cafe Zoul
2016-01-16 00:00:00.000,295,EDC,PKR,1.00001E+17,91199.40,Greens Hotel
2016-01-07 00:00:00.000,21,EDC,PKR,1.00001E+17,87527.86,Greens Hotel
2016-01-13 00:00:00.000,224,EDC,PKR,1.00001E+17,69553.87,sajjad
2016-01-24 00:00:00.000,197,EDC,PKR,1.00001E+17,8585.94,Andaaz Restaurant
2016-01-04 00:00:00.000,449,EDC,PKR,1.00001E+17,11852.23,Cafe aylanto
2016-01-25 00:00:00.000,144,EDC,PKR,1.00001E+17,54018.29,Envoy Continental
2016-01-25 00:00:00.000,170,EDC,PKR,1.00001E+17,91058.82,Cafe aylanto
2016-01-05 00:00:00.000,367,EDC,PKR,1.00001E+17,43902.20,Cafe aylanto
2016-01-22 00:00:00.000,392,EDC,PKR,1.00001E+17,7775.27,Qabail Tribes
2016-01-26 00:00:00.000,153,EDC,PKR,1.00001E+17,89539.10,The Pakistani
2016-01-28 00:00:00.000,293,EDC,PKR,1.00001E+17,38659.69,Crowne Plaza
2016-01-09 00:00:00.000,500,EDC,PKR,1.00001E+17,4107.97,Cafe aylanto
2016-01-21 00:00:00.000,368,EDC,PKR,1.00001E+17,54680.39,Envoy Continental
2016-01-27 00:00:00.000,448,EDC,PKR,1.00001E+17,1810.84,Monal
2016-01-30 00:00:00.000,103,EDC,PKR,1.00001E+17,42966.54,Crowne Plaza
2016-01-01 00:00:00.000,270,EDC,PKR,1.00001E+17,41049.64,Sakura
2016-01-29 00:00:00.000,430,EDC,PKR,1.00001E+17,28833.48,Best Western
2016-01-03 00:00:00.000,390,EDC,PKR,1.00001E+17,92016.22,Qabail Tribes
2016-01-15 00:00:00.000,339,EDC,PKR,1.00001E+17,94232.60,Cafe aylanto
2016-01-30 00:00:00.000,453,EDC,PKR,1.00001E+17,33248.15,Crowne Plaza
2016-01-12 00:00:00.000,58,EDC,PKR,1.00001E+17,41648.47,Sakura
2016-01-20 00:00:00.000,148,EDC,PKR,1.00001E+17,34586.50,Cafe Zoul
2016-01-29 00:00:00.000,427,EDC,PKR,1.00001E+17,4340.42,Haveli Restaurant
2016-01-30 00:00:00.000,438,EDC,PKR,1.00001E+17,77310.69,The Pakistani
2016-01-20 00:00:00.000,158,EDC,PKR,1.00001E+17,69952.09,Crowne Plaza
2016-01-08 00:00:00.000,484,EDC,PKR,1.00001E+17,5524.22,sajjad
2016-01-18 00:00:00.000,242,EDC,PKR,1.00001E+17,45362.92,Saly'n Pepper
2016-01-12 00:00:00.000,169,EDC,PKR,1.00001E+17,39988.19,Cafe aylanto
2016-01-27 00:00:00.000,443,EDC,PKR,1.00001E+17,92320.75,Okra
2016-01-25 00:00:00.000,143,EDC,PKR,1.00001E+17,62169.47,Envoy Continental
2016-01-14 00:00:00.000,488,EDC,PKR,1.00001E+17,85064.83,Monal
2016-01-09 00:00:00.000,465,EDC,PKR,1.00001E+17,3526.38,Cuckoo's Den
2016-01-23 00:00:00.000,387,EDC,PKR,1.00001E+17,25404.28,Taipan
2016-01-02 00:00:00.000,67,EDC,PKR,1.00001E+17,69389.41,Best Western
2016-01-20 00:00:00.000,191,EDC,PKR,1.00001E+17,46697.18,Monal
2016-01-18 00:00:00.000,111,EDC,PKR,1.00001E+17,96960.99,Cafe aylanto
2016-01-07 00:00:00.000,363,EDC,PKR,1.00001E+17,92595.07,Monal
2016-01-24 00:00:00.000,253,EDC,PKR,1.00001E+17,69354.30,Cafe aylanto
2016-01-09 00:00:00.000,374,EDC,PKR,1.00001E+17,52977.98,Haveli Restaurant
2016-01-09 00:00:00.000,5,EDC,PKR,1.00001E+17,86648.29,sajjad
2016-01-01 00:00:00.000,15,EDC,PKR,1.00001E+17,94622.13,Qabail Tribes
2016-01-17 00:00:00.000,487,EDC,PKR,1.00001E+17,53791.15,Cafe Zoul
2016-01-30 00:00:00.000,293,EDC,PKR,1.00001E+17,97080.27,Cafe aylanto
2016-01-22 00:00:00.000,102,EDC,PKR,1.00001E+17,16061.22,Cafe aylanto
2016-01-06 00:00:00.000,297,EDC,PKR,1.00001E+17,31628.37,Cafe aylanto
2016-01-19 00:00:00.000,418,EDC,PKR,1.00001E+17,82934.69,Cafe aylanto
2016-01-09 00:00:00.000,313,EDC,PKR,1.00001E+17,46899.67,The Hotel
2016-01-08 00:00:00.000,63,EDC,PKR,1.00001E+17,29676.52,Taipan
2016-01-30 00:00:00.000,307,EDC,PKR,1.00001E+17,59971.01,Taipan
2016-01-26 00:00:00.000,240,EDC,PKR,1.00001E+17,94771.49,Crowne Plaza
2016-01-05 00:00:00.000,334,EDC,PKR,1.00001E+17,64777.81,Maisonette Luxury
2016-01-17 00:00:00.000,38,EDC,PKR,1.00001E+17,48094.68,Monal
2016-01-16 00:00:00.000,54,EDC,PKR,1.00001E+17,99961.93,Monal
2016-01-19 00:00:00.000,45,EDC,PKR,1.00001E+17,34010.58,Envoy Continental
2016-01-05 00:00:00.000,356,EDC,PKR,1.00001E+17,61742.76,Best Western
2016-01-03 00:00:00.000,113,EDC,PKR,1.00001E+17,76144.00,Crowne Plaza
2016-01-23 00:00:00.000,20,EDC,PKR,1.00001E+17,62403.43,Cafe aylanto
2016-01-01 00:00:00.000,471,EDC,PKR,1.00001E+17,36946.63,Best Western
2016-01-18 00:00:00.000,342,EDC,PKR,1.00001E+17,38880.44,Haveli Restaurant
2016-01-21 00:00:00.000,75,EDC,PKR,1.00001E+17,32938.84,The Hotel
2016-01-28 00:00:00.000,358,EDC,PKR,1.00001E+17,73864.33,The Hotel
2016-01-05 00:00:00.000,496,EDC,PKR,1.00001E+17,35138.55,Cuckoo's Den
2016-01-15 00:00:00.000,367,EDC,PKR,1.00001E+17,40920.18,Haveli Restaurant
2016-01-13 00:00:00.000,248,EDC,PKR,1.00001E+17,17173.07,Cafe Zoul
2016-01-28 00:00:00.000,331,EDC,PKR,1.00001E+17,5036.87,The Pakistani
2016-01-08 00:00:00.000,58,EDC,PKR,1.00001E+17,52583.49,Crowne Plaza
2016-01-10 00:00:00.000,429,EDC,PKR,1.00001E+17,42477.65,Crowne Plaza
2016-01-16 00:00:00.000,168,EDC,PKR,1.00001E+17,2464.78,Envoy Continental
2016-01-09 00:00:00.000,413,EDC,PKR,1.00001E+17,66948.54,Qabail Tribes
2016-01-15 00:00:00.000,103,EDC,PKR,1.00001E+17,40909.49,The Pakistani
2016-01-26 00:00:00.000,132,EDC,PKR,1.00001E+17,99311.64,Sakura
2016-01-15 00:00:00.000,442,EDC,PKR,1.00001E+17,59415.39,Saly'n Pepper
2016-01-13 00:00:00.000,324,EDC,PKR,1.00001E+17,94872.09,Greens Hotel
2016-01-15 00:00:00.000,268,EDC,PKR,1.00001E+17,47219.71,Crowne Plaza
2016-01-21 00:00:00.000,164,EDC,PKR,1.00001E+17,61481.66,The Pakistani
2016-01-26 00:00:00.000,150,EDC,PKR,1.00001E+17,31135.68,The Pakistani
2016-01-28 00:00:00.000,395,EDC,PKR,1.00001E+17,46417.57,sajjad
2016-01-03 00:00:00.000,105,EDC,PKR,1.00001E+17,43188.00,Maisonette Luxury
2016-01-03 00:00:00.000,168,EDC,PKR,1.00001E+17,69921.94,sajjad
2016-01-07 00:00:00.000,130,EDC,PKR,1.00001E+17,22768.73,Cafe aylanto
2016-01-08 00:00:00.000,428,EDC,PKR,1.00001E+17,69882.56,Sakura
2016-01-29 00:00:00.000,167,EDC,PKR,1.00001E+17,17981.98,Cafe aylanto
2016-01-13 00:00:00.000,385,EDC,PKR,1.00001E+17,75132.98,sajjad
2016-01-31 00:00:00.000,445,EDC,PKR,1.00001E+17,57437.57,Maisonette Luxury
2016-01-11 00:00:00.000,200,EDC,PKR,1.00001E+17,41575.68,Best Western
2016-01-09 00:00:00.000,415,EDC,PKR,1.00001E+17,64354.86,sajjad
2016-01-31 00:00:00.000,305,EDC,PKR,1.00001E+17,40097.41,sajjad
2016-01-01 00:00:00.000,324,EDC,PKR,1.00001E+17,55732.83,Greens Hotel
2016-01-26 00:00:00.000,489,EDC,PKR,1.00001E+17,77871.28,Okra
2016-01-02 00:00:00.000,258,EDC,PKR,1.00001E+17,18077.11,The Hotel
2016-01-03 00:00:00.000,66,EDC,PKR,1.00001E+17,91653.25,Envoy Continental
2016-01-10 00:00:00.000,38,EDC,PKR,1.00001E+17,62385.54,Best Western
2016-01-05 00:00:00.000,70,EDC,PKR,1.00001E+17,46510.00,Okra
2016-01-25 00:00:00.000,145,EDC,PKR,1.00001E+17,49378.23,Cafe aylanto
2016-01-25 00:00:00.000,234,EDC,PKR,1.00001E+17,72895.77,sajjad
2016-01-06 00:00:00.000,57,EDC,PKR,1.00001E+17,59218.10,Crowne Plaza
2016-01-07 00:00:00.000,315,EDC,PKR,1.00001E+17,68070.50,Taipan
2016-01-19 00:00:00.000,210,EDC,PKR,1.00001E+17,40355.16,The Pakistani
2016-01-21 00:00:00.000,121,EDC,PKR,1.00001E+17,9028.23,Best Western
2016-01-18 00:00:00.000,497,EDC,PKR,1.00001E+17,4646.05,Okra
2016-01-04 00:00:00.000,10,EDC,PKR,1.00001E+17,37460.42,Cafe aylanto
2016-01-11 00:00:00.000,439,EDC,PKR,1.00001E+17,8535.90,Andaaz Restaurant
2016-01-16 00:00:00.000,155,EDC,PKR,1.00001E+17,42544.85,Okra
2016-01-03 00:00:00.000,9,EDC,PKR,1.00001E+17,8522.92,Andaaz Restaurant
2016-01-03 00:00:00.000,308,EDC,PKR,1.00001E+17,21675.76,The Pakistani
2016-01-10 00:00:00.000,170,EDC,PKR,1.00001E+17,88342.70,Okra
2016-01-17 00:00:00.000,33,EDC,PKR,1.00001E+17,41080.23,Okra
2016-01-06 00:00:00.000,400,EDC,PKR,1.00001E+17,7203.50,Best Western
2016-01-30 00:00:00.000,72,EDC,PKR,1.00001E+17,8497.40,Andaaz Restaurant
2016-01-16 00:00:00.000,131,EDC,PKR,1.00001E+17,60276.85,Crowne Plaza
2016-01-01 00:00:00.000,298,EDC,PKR,1.00001E+17,49960.00,sajjad
2016-01-08 00:00:00.000,500,EDC,PKR,1.00001E+17,92571.58,Qabail Tribes
2016-01-29 00:00:00.000,388,EDC,PKR,1.00001E+17,50621.63,Cafe aylanto
2016-01-10 00:00:00.000,361,EDC,PKR,1.00001E+17,21455.89,The Pakistani
2016-01-29 00:00:00.000,323,EDC,PKR,1.00001E+17,22540.80,sajjad
2016-01-01 00:00:00.000,186,EDC,PKR,1.00001E+17,56931.81,Cafe aylanto
2016-01-13 00:00:00.000,195,EDC,PKR,1.00001E+17,48375.70,Cuckoo's Den
2016-01-15 00:00:00.000,490,EDC,PKR,1.00001E+17,25032.14,Cuckoo's Den
2016-01-13 00:00:00.000,244,EDC,PKR,1.00001E+17,8035.76,Andaaz Restaurant
2016-01-21 00:00:00.000,257,EDC,PKR,1.00001E+17,68719.44,Saly'n Pepper
2016-01-12 00:00:00.000,387,EDC,PKR,1.00001E+17,2653.07,Okra
2016-01-08 00:00:00.000,492,EDC,PKR,1.00001E+17,18543.33,Okra
2016-01-04 00:00:00.000,226,EDC,PKR,1.00001E+17,43658.40,Haveli Restaurant
2016-01-26 00:00:00.000,462,EDC,PKR,1.00001E+17,32728.26,The Hotel
2016-01-17 00:00:00.000,213,EDC,PKR,1.00001E+17,30824.83,sajjad
2016-01-04 00:00:00.000,314,EDC,PKR,1.00001E+17,74224.56,The Hotel
2016-01-16 00:00:00.000,482,EDC,PKR,1.00001E+17,7959.21,The Pakistani
2016-01-06 00:00:00.000,222,EDC,PKR,1.00001E+17,40052.53,Cuckoo's Den
2016-01-25 00:00:00.000,405,EDC,PKR,1.00001E+17,95171.49,Cafe aylanto
2016-01-09 00:00:00.000,248,EDC,PKR,1.00001E+17,87064.97,Sakura
2016-01-13 00:00:00.000,57,EDC,PKR,1.00001E+17,29803.63,Taipan
2016-01-27 00:00:00.000,342,EDC,PKR,1.00001E+17,17801.25,The Hotel
2016-01-04 00:00:00.000,343,EDC,PKR,1.00001E+17,20693.38,Maisonette Luxury
2016-01-13 00:00:00.000,182,EDC,PKR,1.00001E+17,7787.67,Andaaz Restaurant
2016-01-23 00:00:00.000,215,EDC,PKR,1.00001E+17,13794.95,Taipan
2016-01-19 00:00:00.000,244,EDC,PKR,1.00001E+17,48830.26,Haveli Restaurant
2016-01-10 00:00:00.000,139,EDC,PKR,1.00001E+17,73742.91,Cafe Zoul
2016-01-08 00:00:00.000,444,EDC,PKR,1.00001E+17,67471.04,Cafe aylanto
2016-01-11 00:00:00.000,460,EDC,PKR,1.00001E+17,88861.91,Cafe aylanto
2016-01-27 00:00:00.000,334,EDC,PKR,1.00001E+17,14109.48,Saly'n Pepper
2016-01-12 00:00:00.000,380,EDC,PKR,1.00001E+17,13861.81,Saly'n Pepper
2016-01-21 00:00:00.000,120,EDC,PKR,1.00001E+17,62685.49,Cafe aylanto
2016-01-21 00:00:00.000,344,EDC,PKR,1.00001E+17,93881.84,Cuckoo's Den
2016-01-04 00:00:00.000,350,EDC,PKR,1.00001E+17,23357.45,Best Western
2016-01-25 00:00:00.000,404,EDC,PKR,1.00001E+17,7200.97,Andaaz Restaurant
2016-01-25 00:00:00.000,264,EDC,PKR,1.00001E+17,15662.30,Saly'n Pepper
2016-01-26 00:00:00.000,8,EDC,PKR,1.00001E+17,50702.44,Cafe aylanto
2016-01-06 00:00:00.000,269,EDC,PKR,1.00001E+17,15518.61,Best Western
2016-01-09 00:00:00.000,289,EDC,PKR,1.00001E+17,2702.94,Haveli Restaurant
2016-01-09 00:00:00.000,173,EDC,PKR,1.00001E+17,91777.89,Qabail Tribes
2016-01-04 00:00:00.000,438,EDC,PKR,1.00001E+17,19325.70,The Hotel
2016-01-13 00:00:00.000,57,EDC,PKR,1.00001E+17,97911.74,Envoy Continental
2016-01-01 00:00:00.000,415,EDC,PKR,1.00001E+17,46959.93,Okra
2016-01-25 00:00:00.000,322,EDC,PKR,1.00001E+17,47990.87,Envoy Continental
2016-01-02 00:00:00.000,277,EDC,PKR,1.00001E+17,65519.03,The Pakistani
2016-01-07 00:00:00.000,51,EDC,PKR,1.00001E+17,54075.18,Taipan
2016-01-25 00:00:00.000,163,EDC,PKR,1.00001E+17,95414.22,Cafe aylanto
2016-01-17 00:00:00.000,310,EDC,PKR,1.00001E+17,3929.49,Best Western
2016-01-09 00:00:00.000,56,EDC,PKR,1.00001E+17,59527.76,Monal
2016-01-21 00:00:00.000,347,EDC,PKR,1.00001E+17,20662.77,Qabail Tribes
2016-01-22 00:00:00.000,278,EDC,PKR,1.00001E+17,86930.00,sajjad
2016-01-29 00:00:00.000,249,EDC,PKR,1.00001E+17,72114.50,sajjad
2016-01-03 00:00:00.000,397,EDC,PKR,1.00001E+17,11296.34,Qabail Tribes
2016-01-27 00:00:00.000,108,EDC,PKR,1.00001E+17,53466.09,Cafe aylanto
2016-01-17 00:00:00.000,490,EDC,PKR,1.00001E+17,68729.26,Sakura
2016-01-20 00:00:00.000,147,EDC,PKR,1.00001E+17,53406.18,Crowne Plaza
2016-01-24 00:00:00.000,295,EDC,PKR,1.00001E+17,61890.32,Monal
2016-01-15 00:00:00.000,431,EDC,PKR,1.00001E+17,37910.03,Sakura
2016-01-26 00:00:00.000,200,EDC,PKR,1.00001E+17,61540.32,Greens Hotel
2016-01-17 00:00:00.000,402,EDC,PKR,1.00001E+17,5663.77,Andaaz Restaurant
2016-01-10 00:00:00.000,343,EDC,PKR,1.00001E+17,4835.50,Haveli Restaurant
2016-01-17 00:00:00.000,123,EDC,PKR,1.00001E+17,55452.67,Cafe Zoul
2016-01-21 00:00:00.000,485,EDC,PKR,1.00001E+17,27099.49,Monal
2016-01-11 00:00:00.000,357,EDC,PKR,1.00001E+17,26777.12,Cuckoo's Den
2016-01-28 00:00:00.000,13,EDC,PKR,1.00001E+17,25617.93,Maisonette Luxury
2016-01-12 00:00:00.000,388,EDC,PKR,1.00001E+17,87646.21,Qabail Tribes
2016-01-12 00:00:00.000,228,EDC,PKR,1.00001E+17,97030.42,Cafe aylanto
2016-01-13 00:00:00.000,483,EDC,PKR,1.00001E+17,90412.89,Qabail Tribes
2016-01-27 00:00:00.000,146,EDC,PKR,1.00001E+17,40683.13,Cafe aylanto
2016-01-19 00:00:00.000,188,EDC,PKR,1.00001E+17,6085.31,sajjad
2016-01-28 00:00:00.000,139,EDC,PKR,1.00001E+17,8752.14,Monal
2016-01-23 00:00:00.000,87,EDC,PKR,1.00001E+17,56689.28,Saly'n Pepper
2016-01-04 00:00:00.000,217,EDC,PKR,1.00001E+17,33431.25,The Hotel
2016-01-13 00:00:00.000,288,EDC,PKR,1.00001E+17,30962.86,Crowne Plaza
2016-01-13 00:00:00.000,348,EDC,PKR,1.00001E+17,27996.96,Cafe aylanto
2016-01-24 00:00:00.000,60,EDC,PKR,1.00001E+17,84086.97,Cafe Zoul
2016-01-29 00:00:00.000,496,EDC,PKR,1.00001E+17,4932.71,Andaaz Restaurant
2016-01-29 00:00:00.000,471,EDC,PKR,1.00001E+17,46832.95,Cafe aylanto
2016-01-03 00:00:00.000,381,EDC,PKR,1.00001E+17,71873.93,Crowne Plaza
2016-01-02 00:00:00.000,225,EDC,PKR,1.00001E+17,68415.90,Saly'n Pepper
2016-01-10 00:00:00.000,25,EDC,PKR,1.00001E+17,74190.19,Best Western
2016-01-08 00:00:00.000,474,EDC,PKR,1.00001E+17,54209.95,Qabail Tribes
2016-01-24 00:00:00.000,358,EDC,PKR,1.00001E+17,29346.32,The Pakistani
2016-01-04 00:00:00.000,35,EDC,PKR,1.00001E+17,3446.14,Andaaz Restaurant
2016-01-26 00:00:00.000,453,EDC,PKR,1.00001E+17,66634.82,The Hotel
2016-01-12 00:00:00.000,160,EDC,PKR,1.00001E+17,3389.64,Andaaz Restaurant
2016-01-20 00:00:00.000,107,EDC,PKR,1.00001E+17,3643.78,Crowne Plaza
2016-01-25 00:00:00.000,391,EDC,PKR,1.00001E+17,86137.08,The Hotel
2016-01-23 00:00:00.000,178,EDC,PKR,1.00001E+17,61183.86,sajjad
2016-01-25 00:00:00.000,240,EDC,PKR,1.00001E+17,62606.97,Cuckoo's Den
2016-01-31 00:00:00.000,234,EDC,PKR,1.00001E+17,67531.59,Okra
2016-01-12 00:00:00.000,117,EDC,PKR,1.00001E+17,12509.78,Taipan
2016-01-31 00:00:00.000,172,EDC,PKR,1.00001E+17,4935.23,Saly'n Pepper
2016-01-25 00:00:00.000,152,EDC,PKR,1.00001E+17,19421.05,sajjad
2016-01-08 00:00:00.000,499,EDC,PKR,1.00001E+17,17581.22,Crowne Plaza
2016-01-04 00:00:00.000,69,EDC,PKR,1.00001E+17,40220.42,Sakura
2016-01-28 00:00:00.000,48,EDC,PKR,1.00001E+17,50328.92,Greens Hotel
2016-01-25 00:00:00.000,217,EDC,PKR,1.00001E+17,55849.77,Cafe aylanto
2016-01-05 00:00:00.000,39,EDC,PKR,1.00001E+17,7831.67,Saly'n Pepper
2016-01-01 00:00:00.000,455,EDC,PKR,1.00001E+17,73951.08,Cuckoo's Den
2016-01-02 00:00:00.000,300,EDC,PKR,1.00001E+17,10468.84,Cuckoo's Den
2016-01-07 00:00:00.000,372,EDC,PKR,1.00001E+17,18951.55,Cafe aylanto
2016-01-16 00:00:00.000,415,EDC,PKR,1.00001E+17,3197.22,Andaaz Restaurant
2016-01-29 00:00:00.000,219,EDC,PKR,1.00001E+17,28355.72,Cafe aylanto
2016-01-10 00:00:00.000,82,EDC,PKR,1.00001E+17,78977.78,Haveli Restaurant
2016-01-28 00:00:00.000,429,EDC,PKR,1.00001E+17,9460.44,Cafe aylanto
2016-01-25 00:00:00.000,397,EDC,PKR,1.00001E+17,51075.93,Maisonette Luxury
2016-01-29 00:00:00.000,463,EDC,PKR,1.00001E+17,16841.10,Qabail Tribes
2016-01-20 00:00:00.000,174,EDC,PKR,1.00001E+17,16007.99,Cafe aylanto
2016-01-29 00:00:00.000,395,EDC,PKR,1.00001E+17,95475.37,Cafe aylanto
2016-01-19 00:00:00.000,442,EDC,PKR,1.00001E+17,28368.93,Cafe aylanto
2016-01-05 00:00:00.000,346,EDC,PKR,1.00001E+17,86945.77,Maisonette Luxury
2016-01-02 00:00:00.000,81,EDC,PKR,1.00001E+17,47464.54,Saly'n Pepper
2016-01-26 00:00:00.000,49,EDC,PKR,1.00001E+17,27443.70,Cafe aylanto
2016-01-05 00:00:00.000,140,EDC,PKR,1.00001E+17,1599.68,Qabail Tribes
2016-01-06 00:00:00.000,171,EDC,PKR,1.00001E+17,60326.20,Qabail Tribes
2016-01-14 00:00:00.000,333,EDC,PKR,1.00001E+17,55491.96,Cafe aylanto
2016-01-20 00:00:00.000,408,EDC,PKR,1.00001E+17,55872.66,sajjad
2016-01-17 00:00:00.000,102,EDC,PKR,1.00001E+17,18484.67,Sakura
2016-01-25 00:00:00.000,25,EDC,PKR,1.00001E+17,82803.36,Cuckoo's Den
2016-01-02 00:00:00.000,156,EDC,PKR,1.00001E+17,12213.51,Cafe aylanto
2016-01-07 00:00:00.000,353,EDC,PKR,1.00001E+17,19491.05,The Hotel
2016-01-24 00:00:00.000,297,EDC,PKR,1.00001E+17,86859.39,Cafe aylanto
2016-01-07 00:00:00.000,285,EDC,PKR,1.00001E+17,85983.81,Saly'n Pepper
2016-01-03 00:00:00.000,93,EDC,PKR,1.00001E+17,1474.47,Andaaz Restaurant
2016-01-19 00:00:00.000,230,EDC,PKR,1.00001E+17,51865.81,Greens Hotel
2016-01-07 00:00:00.000,251,EDC,PKR,1.00001E+17,1363.98,Andaaz Restaurant
2016-01-01 00:00:00.000,116,EDC,PKR,1.00001E+17,60341.36,The Hotel
2016-01-11 00:00:00.000,185,EDC,PKR,1.00001E+17,54719.28,The Pakistani
2016-01-22 00:00:00.000,450,EDC,PKR,1.00001E+17,52800.64,Monal
2016-01-03 00:00:00.000,270,EDC,PKR,1.00001E+17,12551.93,Monal
2016-01-27 00:00:00.000,105,EDC,PKR,1.00001E+17,98193.13,Envoy Continental
2016-01-28 00:00:00.000,221,EDC,PKR,1.00001E+17,97554.40,Crowne Plaza
2016-01-02 00:00:00.000,182,EDC,PKR,1.00001E+17,19246.67,Taipan
2016-01-26 00:00:00.000,416,EDC,PKR,1.00001E+17,50342.80,Greens Hotel
2016-01-06 00:00:00.000,356,EDC,PKR,1.00001E+17,67455.62,Cafe aylanto
2016-01-30 00:00:00.000,107,EDC,PKR,1.00001E+17,96816.93,Greens Hotel
2016-01-25 00:00:00.000,135,EDC,PKR,1.00001E+17,95945.48,Cafe aylanto
2016-01-14 00:00:00.000,327,EDC,PKR,1.00001E+17,57618.14,Crowne Plaza
2016-01-14 00:00:00.000,255,EDC,PKR,1.00001E+17,34922.52,Cafe aylanto
2016-01-22 00:00:00.000,158,EDC,PKR,1.00001E+17,14564.86,Monal
2016-01-18 00:00:00.000,482,EDC,PKR,1.00001E+17,21591.27,Cafe aylanto
2016-01-13 00:00:00.000,455,EDC,PKR,1.00001E+17,16825.01,Saly'n Pepper
2016-01-21 00:00:00.000,331,EDC,PKR,1.00001E+17,31170.59,Crowne Plaza
2016-01-04 00:00:00.000,258,EDC,PKR,1.00001E+17,48994.17,Saly'n Pepper
2016-01-11 00:00:00.000,309,EDC,PKR,1.00001E+17,12450.82,Sakura
2016-01-12 00:00:00.000,468,EDC,PKR,1.00001E+17,7905.99,Envoy Continental
2016-01-03 00:00:00.000,247,EDC,PKR,1.00001E+17,13152.57,Cafe aylanto
2016-01-19 00:00:00.000,386,EDC,PKR,1.00001E+17,72470.18,Okra
2016-01-06 00:00:00.000,200,EDC,PKR,1.00001E+17,74438.46,Envoy Continental
2016-01-04 00:00:00.000,472,EDC,PKR,1.00001E+17,11902.07,Cuckoo's Den
2016-01-02 00:00:00.000,307,EDC,PKR,1.00001E+17,69713.56,Cafe aylanto
2016-01-10 00:00:00.000,264,EDC,PKR,1.00001E+17,72003.95,Qabail Tribes
2016-01-29 00:00:00.000,148,EDC,PKR,1.00001E+17,1173.15,Greens Hotel
2016-01-13 00:00:00.000,440,EDC,PKR,1.00001E+17,94751.50,Okra
2016-01-16 00:00:00.000,13,EDC,PKR,1.00001E+17,53566.65,Cafe aylanto
2016-01-12 00:00:00.000,231,EDC,PKR,1.00001E+17,98764.04,Cafe aylanto
2016-01-27 00:00:00.000,396,EDC,PKR,1.00001E+17,21051.81,Cafe aylanto
2016-01-20 00:00:00.000,164,EDC,PKR,1.00001E+17,75390.62,Cafe Zoul
2016-01-23 00:00:00.000,314,EDC,PKR,1.00001E+17,60934.54,Qabail Tribes
2016-01-29 00:00:00.000,97,EDC,PKR,1.00001E+17,25746.45,Maisonette Luxury
2016-01-30 00:00:00.000,2,EDC,PKR,1.00001E+17,34878.73,Taipan
2016-01-23 00:00:00.000,189,EDC,PKR,1.00001E+17,26474.33,Taipan
2016-01-17 00:00:00.000,25,EDC,PKR,1.00001E+17,73696.58,The Pakistani
2016-01-04 00:00:00.000,60,EDC,PKR,1.00001E+17,22041.96,Haveli Restaurant
2016-01-27 00:00:00.000,249,EDC,PKR,1.00001E+17,16253.31,Haveli Restaurant
2016-01-20 00:00:00.000,473,EDC,PKR,1.00001E+17,21543.17,Okra
2016-01-17 00:00:00.000,179,EDC,PKR,1.00001E+17,10176.72,Cafe aylanto
2016-01-15 00:00:00.000,335,EDC,PKR,1.00001E+17,48941.41,The Pakistani
2016-01-22 00:00:00.000,332,EDC,PKR,1.00001E+17,76853.42,Sakura
2016-01-09 00:00:00.000,291,EDC,PKR,1.00001E+17,68687.75,Cafe aylanto
2016-01-20 00:00:00.000,179,EDC,PKR,1.00001E+17,87118.15,The Pakistani
2016-01-13 00:00:00.000,270,EDC,PKR,1.00001E+17,31514.49,Qabail Tribes
2016-01-14 00:00:00.000,448,EDC,PKR,1.00001E+17,66045.46,Cafe aylanto
2016-01-04 00:00:00.000,380,EDC,PKR,1.00001E+17,13961.92,Cafe aylanto
2016-01-25 00:00:00.000,160,EDC,PKR,1.00001E+17,56381.30,Cafe Zoul
2016-01-27 00:00:00.000,240,EDC,PKR,1.00001E+17,99578.63,Sakura
2016-01-02 00:00:00.000,97,EDC,PKR,1.00001E+17,36735.23,Cafe aylanto
2016-01-23 00:00:00.000,202,EDC,PKR,1.00001E+17,63288.87,Cafe aylanto
2016-01-12 00:00:00.000,182,EDC,PKR,1.00001E+17,61425.27,Qabail Tribes
2016-01-24 00:00:00.000,447,EDC,PKR,1.00001E+17,5074.44,sajjad
2016-01-04 00:00:00.000,479,EDC,PKR,1.00001E+17,10714.45,Envoy Continental
2016-01-20 00:00:00.000,327,EDC,PKR,1.00001E+17,37289.99,The Pakistani
2016-01-03 00:00:00.000,290,EDC,PKR,1.00001E+17,71011.56,Cafe aylanto
2016-01-31 00:00:00.000,5,EDC,PKR,1.00001E+17,18333.78,Saly'n Pepper
2016-01-23 00:00:00.000,87,EDC,PKR,1.00001E+17,64206.88,Maisonette Luxury
2016-01-04 00:00:00.000,423,EDC,PKR,1.00001E+17,16326.97,The Hotel
2016-01-11 00:00:00.000,25,EDC,PKR,1.00001E+17,36099.33,Haveli Restaurant
2016-01-03 00:00:00.000,329,EDC,PKR,1.00001E+17,47376.48,Cuckoo's Den
2016-01-20 00:00:00.000,66,EDC,PKR,1.00001E+17,52028.17,The Hotel
2016-01-11 00:00:00.000,72,EDC,PKR,1.00001E+17,93105.50,Crowne Plaza
2016-01-13 00:00:00.000,103,EDC,PKR,1.00001E+17,18729.07,Cafe Zoul
2016-01-05 00:00:00.000,460,EDC,PKR,1.00001E+17,48942.51,Haveli Restaurant
2016-01-31 00:00:00.000,381,EDC,PKR,1.00001E+17,36433.22,The Hotel
2016-01-07 00:00:00.000,348,EDC,PKR,1.00001E+17,22549.35,sajjad
2016-01-16 00:00:00.000,443,EDC,PKR,1.00001E+17,67047.59,Cafe aylanto
2016-01-22 00:00:00.000,419,EDC,PKR,1.00001E+17,74863.62,Best Western
2016-01-16 00:00:00.000,165,EDC,PKR,1.00001E+17,11908.13,Maisonette Luxury
2016-01-29 00:00:00.000,265,EDC,PKR,1.00001E+17,25635.01,Haveli Restaurant
2016-01-26 00:00:00.000,1,EDC,PKR,1.00001E+17,16747.89,Saly'n Pepper
2016-01-30 00:00:00.000,421,EDC,PKR,1.00001E+17,90222.91,The Pakistani
2016-01-30 00:00:00.000,27,EDC,PKR,1.00001E+17,38007.29,Cafe aylanto
2016-01-10 00:00:00.000,119,EDC,PKR,1.00001E+17,23008.65,Crowne Plaza
2016-01-13 00:00:00.000,311,EDC,PKR,1.00001E+17,52107.82,Cafe Zoul
2016-01-04 00:00:00.000,151,EDC,PKR,1.00001E+17,97590.91,Cafe Zoul
2016-01-28 00:00:00.000,131,EDC,PKR,1.00001E+17,2541.52,Cuckoo's Den
2016-01-08 00:00:00.000,226,EDC,PKR,1.00001E+17,99001.19,Maisonette Luxury
2016-01-14 00:00:00.000,388,EDC,PKR,1.00001E+17,82168.96,Crowne Plaza
2016-01-09 00:00:00.000,286,EDC,PKR,1.00001E+17,98919.44,Monal
2016-01-12 00:00:00.000,323,EDC,PKR,1.00001E+17,19441.13,Taipan
2016-01-19 00:00:00.000,453,EDC,PKR,1.00001E+17,46895.11,Qabail Tribes
2016-01-22 00:00:00.000,439,EDC,PKR,1.00001E+17,98626.12,Cafe Zoul
2016-01-27 00:00:00.000,308,EDC,PKR,1.00001E+17,5706.99,Sakura
2016-01-21 00:00:00.000,60,EDC,PKR,1.00001E+17,46491.96,Taipan